index,mon_name,leech life,pin missile,string shot,twineedle,dragon rage,thunder,thunder punch,thunder shock,thunder wave,thunderbolt,counter,double kick,hi jump kick,jump kick,low kick,rolling kick,seismic toss,submission,ember,fire blast,fire punch,fire spin,flamethrower,drill peck,fly,mirror move,peck,sky attack,wing attack,confuse ray,lick,night shade,absorb,leech seed,mega drain,petal dance,razor leaf,sleep powder,solar beam,spore,stun spore,vine whip,bone club,bonemerang,dig,earthquake,fissure,aurora beam,blizzard,haze,ice beam,ice punch,mist,barrage,bide,bind,bite,body slam,comet punch,constrict,conversion,cut,defense curl,disable,dizzy punch,double slap,double team,double-edge,egg bomb,explosion,flash,focus energy,fury attack,fury swipes,glare,growl,growth,guillotine,gust,harden,headbutt,horn attack,horn drill,hyper beam,hyper fang,karate chop,leer,mega kick,mega punch,metronome,mimic,minimize,pay day,pound,quick attack,rage,razor wind,recover,roar,sand-attack,scratch,screech,self-destruct,sharpen,sing,skull bash,slam,slash,smokescreen,soft-boiled,sonic boom,spike cannon,splash,stomp,strength,struggle,substitute,super fang,supersonic,swift,swords dance,tackle,tail whip,take down,thrash,transform,tri attack,vice grip,whirlwind,wrap,acid,acid armor,poison gas,poison powder,poison sting,sludge,smog,toxic,agility,amnesia,barrier,confusion,dream eater,hypnosis,kinesis,light screen,meditate,psybeam,psychic,psywave,reflect,rest,teleport,rock slide,rock throw,bubble,bubblebeam,clamp,crabhammer,hydro pump,surf,water gun,waterfall,withdraw
1,bulbasaur,,,,,,,,,,,,,,,,,,,,,,,,,,,,,,,,,,7,TM,,27,41,48,,,13,,,,,,,,,,,,,TM,,,TM,,,,HM,,,,,TM,TM,,,,,,,,1,34,,,,,,,,,,,,,,TM,,,,,TM,,,,,,,,,,,,,,,,,,,,1,RTM,,,,TM,1,,RTM,,,,,,,,,,20,,,,TM,,,,,,,,,,,,,TM,TM,,,,,,,,,,,,
2,ivysaur,,,,,,,,,,,,,,,,,,,,,,,,,,,,,,,,,,GF,TM,,30,46,54,,,GF,,,,,,,,,,,,,TM,,,TM,,,,HM,,,,,TM,TM,,,,,,,,GF,38,,,,,,,,,,,,,,TM,,,,,TM,,,,,,,,,,,,,,,,,,,,1,RTM,,,,TM,GF,,RTM,,,,,,,,,,22,,,,TM,,,,,,,,,,,,,TM,TM,,,,,,,,,,,,
3,venusaur,,,,,,,,,,,,,,,,,,,,,,,,,,,,,,,,,,GF,TM,,GF,55,65,,,GF,,,,,,,,,,,,,TM,,,TM,,,,HM,,,,,TM,TM,,,,,,,,GF,43,,,,,,,RTM,,,,,,,TM,,,,,TM,,,,,,,,,,,,,,,,,,,,1,RTM,,,,TM,GF,,RTM,,,,,,,,,,GF,,,,TM,,,,,,,,,,,,,TM,TM,,,,,,,,,,,,
4,charmander,,,,,RTM,,,,,,TM,,,,,,TM,RTM,9,TM,,46,38,,,,,,,,,,,,,,,,,,,,,,TM,,,,,,,,,,TM,,,TM,,,,HM,,,,,TM,TM,,,,,,,,1,,,,,,,,,,,15,RTM,RTM,,TM,,,,,22,,,,,1,,,,,TM,,30,,,,,,,HM,1,RTM,,,TM,TM,,,RTM,,,,,,,,,,,,,,TM,,,,,,,,,,,,,TM,TM,,,,,,,,,,,,
5,charmeleon,,,,,RTM,,,,,,TM,,,,,,TM,RTM,GF,TM,,56,42,,,,,,,,,,,,,,,,,,,,,,TM,,,,,,,,,,TM,,,TM,,,,HM,,,,,TM,TM,,,,,,,,GF,,,,,,,,,,,GF,RTM,RTM,,TM,,,,,24,,,,,GF,,,,,TM,,33,,,,,,,HM,1,RTM,,,TM,TM,,,RTM,,,,,,,,,,,,,,TM,,,,,,,,,,,,,TM,TM,,,,,,,,,,,,
6,charizard,,,,,RTM,,,,,,TM,,,,,,TM,RTM,GF,TM,,55,46,,HM,,,,,,,,,,,,,,,,,,,,TM,TM,TM,,,,,,,,TM,,,TM,,,,HM,,,,,TM,TM,,,,,,,,GF,,,,,,,,RTM,,,GF,RTM,RTM,,TM,,,,,GF,,,,,GF,,,,,TM,,GF,,,,,,,HM,1,RTM,,,TM,TM,,,RTM,,,,,,,,,,,,,,TM,,,,,,,,,,,,,TM,TM,,,,,,,,,,,,
7,squirtle,,,,,,,,,,,TM,,,,,,TM,RTM,,,,,,,,,,,,,,,,,,,,,,,,,,,TM,,,,TM,,TM,,,,TM,,22,TM,,,,,,,,,TM,TM,,,,,,,,,,,,,,,,,,,,RTM,RTM,,TM,,,,,TM,,,,,,,,,,35,,,,,,,,,HM,1,RTM,,,,,1,1,RTM,,,,,,,,,,,,,,TM,,,,,,,,,,,,,TM,TM,,,,8,TM,,,42,HM,15,,28
8,wartortle,,,,,,,,,,,TM,,,,,,TM,RTM,,,,,,,,,,,,,,,,,,,,,,,,,,,TM,,,,TM,,TM,,,,TM,,24,TM,,,,,,,,,TM,TM,,,,,,,,,,,,,,,,,,,,RTM,RTM,,TM,,,,,TM,,,,,,,,,,39,,,,,,,,,HM,1,RTM,,,,,GF,GF,RTM,,,,,,,,,,,,,,TM,,,,,,,,,,,,,TM,TM,,,,GF,TM,,,47,HM,GF,,31
9,blastoise,,,,,,,,,,,TM,,,,,,TM,RTM,,,,,,,,,,,,,,,,,,,,,,,,,,,TM,TM,TM,,TM,,TM,,,,TM,,GF,TM,,,,,,,,,TM,TM,,,,,,,,,,,,,,,,RTM,,,,RTM,RTM,,TM,,,,,TM,,,,,,,,,,42,,,,,,,,,HM,1,RTM,,,,,GF,GF,RTM,,,,,,,,,,,,,,TM,,,,,,,,,,,,,TM,TM,,,,GF,TM,,,52,HM,GF,,GF
10,caterpie,,,1,,,,,,,,,,,,,,,,,,,,,,,,,,,,,,,,,,,,,,,,,,,,,,,,,,,,,,,,,,,,,,,,,,,,,,,,,,,,,,,,,,,,,,,,,,,,,,,,,,,,,,,,,,,,,,,,,1,,,,,,1,,,,,,,,,,,,,,,,,,,,,,,,,,,,,,,,,,,,,,,,,,
11,metapod,,,GF,,,,,,,,,,,,,,,,,,,,,,,,,,,,,,,,,,,,,,,,,,,,,,,,,,,,,,,,,,,,,,,,,,,,,,,,,,,,,1,,,,,,,,,,,,,,,,,,,,,,,,,,,,,,,,,,,,1,,,,,,GF,,,,,,,,,,,,,,,,,,,,,,,,,,,,,,,,,,,,,,,,,,
12,butterfree,,,GF,,,,,,,,,,,,,,,,,,,,,,,,,,,,,,,,TM,,,15,TM,,14,,,,,,,,,,,,,,TM,,,TM,,,,,,,,,TM,TM,,,HM,,,,,,,,28,,,,,RTM,,,,,,,TM,,,,,TM,RTM,,,,,,,,,,,,,,,,,,,1,RTM,,18,TM,,GF,,RTM,,,,,23,,,,,13,,,,TM,,,,10,,,,,,34,,TM,TM,TM,TM,,,,,,,,,,,
13,weedle,,,1,,,,,,,,,,,,,,,,,,,,,,,,,,,,,,,,,,,,,,,,,,,,,,,,,,,,,,,,,,,,,,,,,,,,,,,,,,,,,,,,,,,,,,,,,,,,,,,,,,,,,,,,,,,,,,,,,1,,,,,,,,,,,,,,,,,,,1,,,,,,,,,,,,,,,,,,,,,,,,,,,,,
14,kakuna,,,GF,,,,,,,,,,,,,,,,,,,,,,,,,,,,,,,,,,,,,,,,,,,,,,,,,,,,,,,,,,,,,,,,,,,,,,,,,,,,,1,,,,,,,,,,,,,,,,,,,,,,,,,,,,,,,,,,,,1,,,,,,,,,,,,,,,,,,,GF,,,,,,,,,,,,,,,,,,,,,,,,,,,,,
15,beedrill,,30,GF,20,,,,,,,,,,,,,,,,,,,,,,,,,,,,,,,TM,,,,,,,,,,,,,,,,,,,,TM,,,TM,,,,HM,,,,,TM,TM,,,,16,12,,,,,,,,,,,RTM,,,,,,,TM,,,,,25,,,,,,,,,,TM,,,,,,,,,,1,RTM,,,TM,TM,,,RTM,,,,,,,,,,,GF,,,TM,35,,,,,,,,,,,,TM,TM,,,,,,,,,,,,
16,pidgey,,,,,,,,,,,,,,,,,,,,,,,,,HM,44,,TM,28,,,,,,,,,,,,,,,,,,,,,,,,,,TM,,,TM,,,,,,,,,TM,TM,,,,,,,,,,,1,,,,,,,,,,,,TM,,,,12,TM,RTM,,,1,,,,,,,,,,,,,,,,1,RTM,,,TM,,,,RTM,,,,,19,,,,,,,,,TM,36,,,,,,,,,,,,TM,TM,,,,,,,,,,,,
17,pidgeotto,,,,,,,,,,,,,,,,,,,,,,,,,HM,49,,TM,31,,,,,,,,,,,,,,,,,,,,,,,,,,TM,,,TM,,,,,,,,,TM,TM,,,,,,,,,,,GF,,,,,,,,,,,,TM,,,,GF,TM,RTM,,,GF,,,,,,,,,,,,,,,,1,RTM,,,TM,,,,RTM,,,,,21,,,,,,,,,TM,40,,,,,,,,,,,,TM,TM,,,,,,,,,,,,
18,pidgeot,,,,,,,,,,,,,,,,,,,,,,,,,HM,54,,TM,GF,,,,,,,,,,,,,,,,,,,,,,,,,,TM,,,TM,,,,,,,,,TM,TM,,,,,,,,,,,GF,,,,,RTM,,,,,,,TM,,,,GF,TM,RTM,,,GF,,,,,,,,,,,,,,,,1,RTM,,,TM,,,,RTM,,,,,GF,,,,,,,,,TM,33,,,,,,,,,,,,TM,TM,,,,,,,,,,,,
19,rattata,,,,,,TM,,,,TM,,,,,,,,,,,,,,,,,,,,,,,,,,,,,,,,,,,TM,,,,TM,,TM,,,,TM,,,TM,,,,,,,,,TM,TM,,,,23,,,,,,,,,,,,,14,,,,,,TM,,,,7,TM,,,,,,,,,,TM,,,,,,,,,,1,RTM,34,,TM,,1,1,RTM,,,,,,,,,,,,,,TM,,,,,,,,,,,,,TM,TM,,,,,TM,,,,,TM,,
20,raticate,,,,,,TM,,,,TM,,,,,,,,,,,,,,,,,,,,,,,,,,,,,,,,,,,TM,,,,TM,,TM,,,,TM,,,TM,,,,,,,,,TM,TM,,,,27,,,,,,,,,,,,RTM,GF,,,,,,TM,,,,GF,TM,,,,,,,,,,TM,,,,,,,,,,1,RTM,41,,TM,,GF,GF,RTM,,,,,,,,,,,,,,TM,,,,,,,,,,,,,TM,TM,,,,,TM,,,,,TM,,
21,spearow,,,,,,,,,,,,,,,,,,,,,,,,29,HM,22,1,TM,,,,,,,,,,,,,,,,,,,,,,,,,,,TM,,,TM,,,,,,,,,TM,TM,,,,,15,,,1,,,,,,,,,,,9,,,,TM,,,,,TM,RTM,,,,,,,,,,,,,,,,,,,1,RTM,,,TM,,,,RTM,,,,,TM,,,,,,,,,TM,36,,,,,,,,,,,,TM,TM,,,,,,,,,,,,
22,fearow,,,,,,,,,,,,,,,,,,,,,,,,34,HM,25,1,TM,,,,,,,,,,,,,,,,,,,,,,,,,,,TM,,,TM,,,,,,,,,TM,TM,,,,,GF,,,GF,,,,,,,,RTM,,,GF,,,,TM,,,,,TM,RTM,,,,,,,,,,,,,,,,,,,1,RTM,,,TM,,,,RTM,,,,,TM,,,,,,,,,TM,43,,,,,,,,,,,,TM,TM,,,,,,,,,,,,
23,ekans,,,,,,,,,,,,,,,,,,,,,,,,,,,,,,,,,,,TM,,,,,,,,,,TM,TM,TM,,,,,,,,TM,,17,TM,,,,,,,,,TM,TM,,,,,,,24,,,,,,,,,,,,1,,,,TM,,,,,TM,,,,,,31,,,,TM,,,,,,,,,HM,1,RTM,,,TM,,,,RTM,,,,,,1,38,,,,10,,,TM,,,,,,,,,,,,,TM,TM,,TM,,,,,,,,,,
24,arbok,,,,,,,,,,,,,,,,,,,,,,,,,,,,,,,,,,,TM,,,,,,,,,,TM,TM,TM,,,,,,,,TM,,GF,TM,,,,,,,,,TM,TM,,,,,,,27,,,,,,,,,RTM,,,GF,,,,TM,,,,,TM,,,,,,36,,,,TM,,,,,,,,,HM,1,RTM,,,TM,,,,RTM,,,,,,GF,47,,,,GF,,,TM,,,,,,,,,,,,,TM,TM,,TM,,,,,,,,,,
25,pikachu,,,,,,41,,1,8,26,,,,,,,TM,RTM,,,,,,,,,,,,,,,,,,,,,,,,,,,,,,,,,,,,,TM,,,TM,,,,,,,,,15,TM,,,HM,,,,,1,,,,,,,,,,,,RTM,RTM,,TM,,TM,,11,TM,,,,,,,,,,TM,20,,,,,,,,,1,RTM,,,26,,,6,RTM,,,,,,,,,,,,,,TM,33,,,,,,,50,,,,,TM,TM,,,,,,,,,,,,
26,raichu,,,,,,GF,,GF,GF,GF,,,,,,,TM,RTM,,,,,,,,,,,,,,,,,,,,,,,,,,,,,,,,,,,,,TM,,,TM,,,,,,,,,GF,TM,,,HM,,,,,GF,,,,,,,,RTM,,,,RTM,RTM,,TM,,TM,,GF,TM,,,,,,,,,,TM,GF,,,,,,,,,1,RTM,,,GF,,,GF,RTM,,,,,,,,,,,,,,TM,GF,,,,,,,GF,,,,,TM,TM,,,,,,,,,,,,
27,sandshrew,,,,,,,,,,,,,,,,,TM,RTM,,,,,,,,,,,,,,,,,,,,,,,,,,,TM,TM,TM,,,,,,,,TM,,,TM,,,,HM,,,,,TM,TM,,,,,,38,,,,,,,,,,,,,,,,,TM,,,,,TM,,,,10,1,,,,,TM,,17,,,,,,,HM,1,RTM,,,31,TM,,,RTM,,,,,,,,,,,24,,,TM,,,,,,,,,,,,,TM,TM,,TM,,,,,,,,,,
28,sandslash,,,,,,,,,,,,,,,,,TM,RTM,,,,,,,,,,,,,,,,,,,,,,,,,,,TM,TM,TM,,,,,,,,TM,,,TM,,,,HM,,,,,TM,TM,,,,,,47,,,,,,,,,,RTM,,,,,,,TM,,,,,TM,,,,GF,GF,,,,,TM,,GF,,,,,,,HM,1,RTM,,,36,TM,,,RTM,,,,,,,,,,,27,,,TM,,,,,,,,,,,,,TM,TM,,TM,,,,,,,,,,
29,nidoran_f,,,,,,TM,,,,TM,,12,,,,,,,,,,,,,,,,,,,,,,,,,,,,,,,,,,,,,TM,,TM,,,,TM,,30,TM,,,,,,,,,TM,TM,,,,23,,38,,1,,,,,,,,,,,,,,,TM,,,,,TM,,,,,8,,,,,TM,,,,,,,,,,1,RTM,,,,,1,23,RTM,,,,,,,,,,,17,,,TM,,,,,,,,,,,,,TM,TM,,,,,,,,,,,,
30,nidorina,,,,,,TM,,,,TM,,12,,,,,,,,,,,,,,,,,,,,,,,,,,,,,,,,,,,,,TM,,TM,,,,TM,,36,TM,,,,,,,,,TM,TM,,,,27,,46,,GF,,,,,,,TM,,,,,,,,TM,,,,,TM,,,,,GF,,,,,TM,,,,,,,,,,1,RTM,,,,,GF,27,RTM,,,,,,,,,,,19,,,TM,,,,,,,,,,,,,TM,TM,,,,,TM,,,,,TM,,
31,nidoqueen,,,,,,TM,,,,TM,TM,12,,,,,TM,RTM,,TM,,,,,,,,,,,,,,,,,,,,,,,,,,TM,TM,,TM,,TM,,,,TM,,GF,23,,,,,,,,,TM,TM,,,,GF,,GF,,GF,,,,,,,TM,RTM,,,,RTM,RTM,,TM,,TM,,,TM,,,,,GF,,,,,TM,,,,,,,,,HM,1,RTM,,,,,GF,GF,RTM,,,,,,,,,,,GF,,,TM,,,,,,,,,,,,,TM,TM,,TM,,,TM,,,,HM,TM,,
32,nidoran_m,,,,,,TM,,,,TM,,12,,,,,,,,,,,,,,,,,,,,,,,,,,,,,,,,,,,,,TM,,TM,,,,TM,,,TM,,,,,,,,,TM,TM,,,,,30,,,,,,,,,8,38,,,,1,,,,TM,,,,,TM,,,,,,,,,,TM,,,,,,,,,,1,RTM,,,,,1,,RTM,,,,,,,,,,,17,,,TM,,,,,,,,,,,,,TM,TM,,,,,,,,,,,,
33,nidorino,,,,,,TM,,,,TM,,12,,,,,,,,,,,,,,,,,,,,,,,,,,,,,,,,,,,,,TM,,TM,,,,TM,,,TM,,,,,,,,,TM,TM,,,,,36,,,,,,,,,GF,46,,,,GF,,,,TM,,,,,TM,,,,,,,,,,TM,,,,,,,,,,1,RTM,,,,,GF,,RTM,,,,,,,,,,,19,,,TM,,,,,,,,,,,,,TM,TM,,,,,TM,,,,,TM,,
34,nidoking,,,,,,TM,,,,TM,TM,12,,,,,TM,RTM,,TM,,,,,,,,,,,,,,,,,,,,,,,,,,TM,TM,,TM,,TM,,,,TM,,,TM,,,,,,,,,TM,TM,,,,,GF,,,,,,,,,GF,GF,RTM,,,GF,RTM,RTM,,TM,,TM,,,TM,,,,,,,,,,TM,,,,,,,,,HM,1,RTM,,,,,GF,,RTM,23,,,,,,,,,,GF,,,TM,,,,,,,,,,,,,TM,TM,,TM,,,TM,,,,HM,TM,,
35,clefairy,,,,,,TM,,,TM,TM,TM,,,,,,TM,RTM,,TM,,,,,,,,,,,,,,,,,,,TM,,,,,,,,,,TM,,TM,,,,TM,,,TM,,,,,39,,,18,TM,TM,,,HM,,,,,1,,,,,,,,,,,,RTM,RTM,31,TM,24,,1,,TM,,,,,,,,,13,TM,,,,,,,,,HM,1,RTM,,,,,,,RTM,,,TM,,,,,,,,,,,TM,,,,,,,,48,,,,TM,TM,TM,TM,,,,TM,,,,,TM,,
36,clefable,,,,,,TM,,,TM,TM,TM,,,,,,TM,RTM,,TM,,,,,,,,,,,,,,,,,,,TM,,,,,,,,,,TM,,TM,,,,TM,,,TM,,,,,GF,,,GF,TM,TM,,,HM,,,,,GF,,,,,,,,RTM,,,,RTM,RTM,GF,TM,GF,,GF,,TM,,,,,,,,,GF,TM,,,,,,,,,HM,1,RTM,,,,,,,RTM,,,TM,,,,,,,,,,,TM,,,,,,,,GF,,,,TM,TM,TM,TM,,,,TM,,,,,TM,,
37,vulpix,,,,,,,,,,,,,,,,,,,1,TM,,42,35,,,,,,,28,,,,,,,,,,,,,,,TM,,,,,,,,,,TM,,,TM,,,,,,,,,TM,TM,,,,,,,,,,,,,,,,,,,,,,,TM,,,,16,TM,,,1,,,,,,,TM,,,,,,,,,,1,RTM,,,TM,,,1,RTM,,,,,,,,,,,,,,TM,,,,,,,,,,,,,TM,TM,,,,,,,,,,,,
38,ninetales,,,,,,,,,,,,,,,,,,,GF,TM,,GF,GF,,,,,,,GF,,,,,,,,,,,,,,,TM,,,,,,,,,,TM,,,TM,,,,,,,,,TM,TM,,,,,,,,,,,,,,,,RTM,,,,,,,TM,,,,GF,TM,,,GF,,,,,,,TM,,,,,,,,,,1,RTM,,,TM,,,GF,RTM,,,,,,,,,,,,,,TM,,,,,,,,,,,,,TM,TM,,,,,,,,,,,,
39,jigglypuff,,,,,,TM,,,TM,TM,TM,,,,,,TM,RTM,,TM,,,,,,,,,,,,,,,,,,,TM,,,,,,,,,,TM,,TM,,,,TM,,,34,,,,,19,14,,24,TM,39,,,HM,,,,,,,,,,,,,,,,,RTM,RTM,,TM,,,9,,TM,,,,,,,,,1,TM,,,,,,,,,HM,1,RTM,,,,,,,RTM,,,TM,,,,,,,,,,,TM,,,,,,,,,,,,TM,TM,29,TM,,,,TM,,,,,TM,,
40,wigglytuff,,,,,,TM,,,TM,TM,TM,,,,,,TM,RTM,,TM,,,,,,,,,,,,,,,,,,,TM,,,,,,,,,,TM,,TM,,,,TM,,,GF,,,,,GF,GF,,GF,TM,GF,,,HM,,,,,,,,,,,,,RTM,,,,RTM,RTM,,TM,,,GF,,TM,,,,,,,,,GF,TM,,,,,,,,,HM,1,RTM,,,,,,,RTM,,,TM,,,,,,,,,,,TM,,,,,,,,,,,,TM,TM,GF,TM,,,,TM,,,,,TM,,
41,zubat,1,,,,,,,,,,,,,,,,,,,,,,,,,,,,28,21,,,,,TM,,,,,,,,,,,,,,,36,,,,,TM,,15,TM,,,,,,,,,TM,TM,,,,,,,,,,,,,,,,,,,,,,,TM,,,,,TM,RTM,,,,,,,,,,,,,,,,,,,1,RTM,,10,TM,,,,RTM,,,,,TM,,,,,,,,,TM,,,,,,,,,,,,,TM,TM,,,,,,,,,,,,
42,golbat,1,,,,,,,,,,,,,,,,,,,,,,,,,,,,32,GF,,,,,TM,,,,,,,,,,,,,,,43,,,,,TM,,GF,TM,,,,,,,,,TM,TM,,,,,,,,,,,,,,,,RTM,,,,,,,TM,,,,,TM,RTM,,,,,1,,,,,,,,,,,,,,1,RTM,,GF,TM,,,,RTM,,,,,TM,,,,,,,,,TM,,,,,,,,,,,,,TM,TM,,,,,,,,,,,,
43,oddish,,,,,,,,,,,,,,,,,,,,,,,,,,,,,,,,,1,,TM,33,,19,46,,17,,,,,,,,,,,,,,TM,,,TM,,,,HM,,,,,TM,TM,,,,,,,,,,,,,,,,,,,,,,,TM,,,,,TM,,,,,,,,,,,,,,,,,,,,1,RTM,,,,TM,,,RTM,,,,,,,24,,,15,,,,TM,,,,,,,,,,,,,TM,TM,,,,,,,,,,,,
44,gloom,,,,,,,,,,,,,,,,,,,,,,,,,,,,,,,,,GF,,TM,38,,GF,52,,GF,,,,,,,,,,,,,,TM,,,TM,,,,HM,,,,,TM,TM,,,,,,,,,,,,,,,,,,,,,,,TM,,,,,TM,,,,,,,,,,,,,,,,,,,,1,RTM,,,,TM,,,RTM,,,,,,,28,,,GF,,,,TM,,,,,,,,,,,,,TM,TM,,,,,,,,,,,,
45,vileplume,,,,,,,,,,,,,,,,,,,,,,,,,,,,,,,,,GF,,TM,GF,,GF,GF,,GF,,,,,,,,,,,,,,TM,,,TM,,,,HM,,,,,TM,TM,,,,,,,,,,,,,,,,RTM,,,,,,,TM,,,,,TM,,,,,,,,,,,,,,,,,,,,1,RTM,,,,TM,,,RTM,,,,,,,GF,,,GF,,,,TM,,,,,,,,,,,,,TM,TM,,,,,,,,,,,,
46,paras,20,,,,,,,,,,,,,,,,,,,,,,,,,,,,,,,,,,TM,,,,TM,27,13,,,,TM,,,,,,,,,,TM,,,TM,,,,HM,,,,,TM,TM,,,,,,,,,41,,,,,,,,,,,,,,TM,,,,,TM,,,,,1,,,,,TM,,34,,,,,,,,1,RTM,,,,TM,,,RTM,,,,,,,,,,,,,,TM,,,,,,,,,,,,,TM,TM,,,,,,,,,,,,
47,parasect,20,,,,,,,,,,,,,,,,,,,,,,,,,,,,,,,,,,TM,,,,TM,30,GF,,,,TM,,,,,,,,,,TM,,,TM,,,,HM,,,,,TM,TM,,,,,,,,,48,,,,,,,RTM,,,,,,,TM,,,,,TM,,,,,GF,,,,,TM,,39,,,,,,,,1,RTM,,,,TM,,,RTM,,,,,,,,,,,,,,TM,,,,,,,,,,,,,TM,TM,,,,,,,,,,,,
48,venonat,27,,,,,,,,,,,,,,,,,,,,,,,,,,,,,,,,,,TM,,,38,TM,,30,,,,,,,,,,,,,,TM,,,TM,,,,,,1,,,TM,TM,,,HM,,,,,,,,,,,,,,,,,,,,TM,,,,,TM,,,,,,,,,,,,,,,,,,,,1,RTM,,11,,,1,,RTM,,,,,,,,,,24,,,,TM,,,,19,,,,,,35,43,TM,TM,TM,,,,,,,,,,,,
49,venomoth,27,,,,,,,,,,,,,,,,,,,,,,,,,,,,,,,,,,TM,,,43,TM,,30,,,,,,,,,,,,,,TM,,,TM,,,,,,GF,,,TM,TM,,,HM,,,,,,,,,,,,,RTM,,,,,,,TM,,,,,TM,RTM,,,,,,,,,,,,,,,,,,,1,RTM,,GF,TM,,GF,,RTM,,,,,TM,,,,,GF,,,,TM,,,,GF,,,,,,38,50,TM,TM,TM,TM,,,,,,,,,,,
50,diglett,,,,,,,,,,,,,,,,,,,,,,,,,,,,,,,,,,,,,,,,,,,,,19,40,TM,,,,,,,,TM,,,TM,,,,HM,,,,,TM,TM,,,,,,,,15,,,,,,,,,,,,,,,TM,,,,,TM,,,,24,1,,,,,,,31,,,,,,,,1,RTM,,,,,,,RTM,,,,,,,,,,,,,,TM,,,,,,,,,,,,,TM,TM,,TM,,,,,,,,,,
51,dugtrio,,,,,,,,,,,,,,,,,,,,,,,,,,,,,,,,,,,,,,,,,,,,,GF,47,TM,,,,,,,,TM,,,TM,,,,HM,,,,,TM,TM,,,,,,,,GF,,,,,,,,RTM,,,,,,,TM,,,,,TM,,,,GF,GF,,,,,,,35,,,,,,,,1,RTM,,,,,,,RTM,,,,,,,,,,,,,,TM,,,,,,,,,,,,,TM,TM,,TM,,,,,,,,,,
52,meowth,,,,,,TM,,,,TM,,,,,,,,,,,,,,,,,,,,,,,,,,,,,,,,,,,,,,,,,,,,,TM,,12,TM,,,,,,,,,TM,TM,,,,,,33,,1,,,,,,,,,,,,,,,TM,,17,,,TM,,,,,1,24,,,,TM,,44,,,,,,,,1,RTM,,,TM,,,,RTM,,,,,,,,,,,,,,TM,,,,,,,,,,,,,TM,TM,,,,,TM,,,,,TM,,
53,persian,,,,,,TM,,,,TM,,,,,,,,,,,,,,,,,,,,,,,,,,,,,,,,,,,,,,,,,,,,,TM,,GF,TM,,,,,,,,,TM,TM,,,,,,37,,GF,,,,,,,,RTM,,,,,,,TM,,GF,,,TM,,,,,GF,GF,,,,TM,,51,,,,,,,,1,RTM,,,TM,,,,RTM,,,,,,,,,,,,,,TM,,,,,,,,,,,,,TM,TM,,,,,TM,,,,,TM,,
54,psyduck,,,,,,,,,,,TM,,,,,,TM,RTM,,,,,,,,,,,,,,,,,,,,,,,,,,,TM,,,,TM,,TM,,,,TM,,,TM,,,,,,31,,,TM,TM,,,,,,43,,,,,,,,,,,,,,RTM,RTM,,TM,,TM,,,TM,,,,,1,,,,,TM,,,,,,,,,HM,1,RTM,,,TM,,,28,RTM,,,,,,,,,,,,,,TM,,,,36,,,,,,,,,TM,TM,,,,,TM,,,52,HM,TM,,
55,golduck,,,,,,,,,,,TM,,,,,,TM,RTM,,,,,,,,,,,,,,,,,,,,,,,,,,,TM,,,,TM,,TM,,,,TM,,,TM,,,,,,GF,,,TM,TM,,,,,,48,,,,,,,,,,RTM,,,,RTM,RTM,,TM,,TM,,,TM,,,,,GF,,,,,TM,,,,,,,,,HM,1,RTM,,,TM,,,GF,RTM,,,,,,,,,,,,,,TM,,,,39,,,,,,,,,TM,TM,,,,,TM,,,59,HM,TM,,
56,mankey,,,,,,TM,,,,TM,TM,,,,9,,33,RTM,,,,,,,,,,,,,,,,,,,,,,,,,,,TM,,,,,,,,,,TM,,,TM,,,,,,,,,TM,TM,,,,27,,21,,,,,,,,,,,,15,1,RTM,RTM,TM,TM,,TM,,,TM,,,,,1,45,,,,TM,,,,,,,,,HM,1,RTM,,,TM,,,,RTM,39,,,,,,,,,,,,,TM,,,,,,,,,,,,,TM,TM,,TM,,,,,,,,,,
57,primeape,,,,,,TM,,,,TM,TM,,,,GF,,37,RTM,,,,,,,,,,,,,,,,,,,,,,,,,,,TM,,,,,,,,,,TM,,,TM,,,,,,,,,TM,TM,,,,GF,,GF,,,,,,,,,,RTM,,GF,GF,RTM,RTM,TM,TM,,TM,,,28,,,,,GF,45,,,,TM,,,,,,,,,HM,1,RTM,,,TM,,,,RTM,46,,,,,,,,,,,,,TM,,,,,,,,,,,,,TM,TM,,TM,,,,,,,,,,
58,growlithe,,,,,RTM,,,,,,,,,,,,,,18,TM,,,50,,,,,,,,,,,,,,,,,,,,,,TM,,,,,,,,,,TM,,1,TM,,,,,,,,,TM,TM,,,,,,,,,,,,,,,,,,,1,,,,TM,,,,,TM,,,1,,,,,,,TM,,,,,,,,,,1,RTM,,,TM,,,,30,,,,,,,,,,,,,,TM,39,,,,,,,,,,,,TM,TM,,,,,,,,,,,,
59,arcanine,,,,,RTM,,,,,,,,,,,,,,GF,TM,,,GF,,,,,,,,,,,,,,,,,,,,,,TM,,,,,,,,,,TM,,GF,TM,,,,,,,,,TM,TM,,,,,,,,,,,,,,,,RTM,,,GF,,,,TM,,,,,TM,,,GF,,,,,,,TM,,,,,,,,,,1,RTM,,,TM,,,,GF,,,,,,,,,,,,,,TM,GF,,,,,,,,,,,,TM,TM,TM,,,,,,,,,,,
60,poliwag,,,,,,,,,,,,,,,,,,,,,,,,,,,,,,,,,,,,,,,,,,,,,,,,,,,,,,,TM,,,31,,,,,,,,25,TM,TM,,,,,,,,,,,,,,,,,,,,,,,TM,,,,,TM,,,,,,,,,,TM,,,,,,,,,,1,RTM,,,,,,,RTM,,,,,,,,,,,,,,TM,,38,,,,16,,,,,,TM,TM,TM,,,,1,TM,,,45,HM,19,,
61,poliwhirl,,,,,,,,,,,TM,,,,,,TM,RTM,,,,,,,,,,,,,,,,,,,,,,,,,,,,TM,TM,,TM,,TM,,,,TM,,,33,,,,,,,,26,TM,TM,,,,,,,,,,,,,,,,,,,,RTM,RTM,TM,TM,,,,,TM,,,,,,,,,,TM,,,,,,,,,HM,1,RTM,,,,,,,RTM,,,,,,,,,,,,,,TM,,41,,,,GF,,,,,,TM,TM,TM,,,,GF,TM,,,49,HM,GF,,
62,poliwrath,,,,,,,,,,,TM,,,,,,TM,RTM,,,,,,,,,,,,,,,,,,,,,,,,,,,,TM,TM,,TM,,TM,,,,TM,,,GF,,,,,,,,GF,TM,TM,,,,,,,,,,,,,,,,RTM,,,,RTM,RTM,TM,TM,,,,,TM,,,,,,,,,,TM,,,,,,,,,HM,1,RTM,,,,,,,RTM,,,,,,,,,,,,,,TM,,GF,,,,GF,,,,,,TM,TM,TM,,,,GF,TM,,,GF,HM,GF,,
63,abra,,,,,,,,,TM,,TM,,,,,,TM,RTM,,,,,,,,,,,,,,,,,,,,,,,,,,,,,,,TM,,TM,,,,TM,,,TM,,,,,,,,,TM,TM,,,HM,,,,,,,,,,,,,,,,,,RTM,TM,TM,,,,,TM,,,,,,,,,,TM,,,,,,,,,,1,RTM,,,,,,,RTM,,,TM,,,,,,,,,,,TM,,,,,,,,,,,,TM,TM,TM,1,,,,,,,,,,,
64,kadabra,,,,,,,,,TM,,TM,,,,,,TM,RTM,,,,,,,,,,,,,,,,,,,,,,,,,,,TM,,,,,,,,,,TM,,,TM,,,,,,20,,,TM,TM,,,HM,,,,,,,,,,,,,,,,,,RTM,TM,TM,,,,,TM,,31,,,,,,,,TM,,,,,,,,,,1,RTM,,,,,,,RTM,,,TM,,,,,,,,,,,TM,,,,16,,,1,,,27,38,TM,42,TM,GF,,,,,,,,,,,
65,alakazam,,,,,,,,,TM,,TM,,,,,,TM,RTM,,,,,,,,,,,,,,,,,,,,,,,,,,,TM,,,,,,,,,,TM,,,TM,,,,,,20,,,TM,TM,,,HM,,,,,,,,,,,,,RTM,,,,,RTM,TM,TM,,,,,TM,,31,,,,,,,,TM,,,,,,,,,,1,RTM,,,,,,,RTM,,,TM,,,,,,,,,,,TM,,,,16,,,GF,,,27,38,TM,42,TM,GF,,,,,,,,,,,
66,machop,,,,,,,,,,,TM,,,,20,,39,46,,TM,,,,,,,,,,,,,,,,,,,,,,,,,TM,TM,TM,,,,,,,,TM,,,TM,,,,,,,,,TM,TM,,,,32,,,,,,,,,,,,,,1,25,RTM,RTM,TM,TM,,,,,TM,,,,,,,,,,TM,,,,,,,,,HM,1,RTM,,,,,,,RTM,,,,,,,,,,,,,,TM,,,,,,,,,,,,,TM,TM,,TM,,,,,,,,,,
67,machoke,,,,,,,,,,,TM,,,,GF,,44,52,,TM,,,,,,,,,,,,,,,,,,,,,,,,,TM,TM,TM,,,,,,,,TM,,,TM,,,,,,,,,TM,TM,,,,36,,,,,,,,,,,,,,GF,GF,RTM,RTM,TM,TM,,,,,TM,,,,,,,,,,TM,,,,,,,,,HM,1,RTM,,,,,,,RTM,,,,,,,,,,,,,,TM,,,,,,,,,,,,,TM,TM,,TM,,,,,,,,,,
68,machamp,,,,,,,,,,,TM,,,,GF,,44,52,,TM,,,,,,,,,,,,,,,,,,,,,,,,,TM,TM,TM,,,,,,,,TM,,,TM,,,,,,,,,TM,TM,,,,36,,,,,,,,,,,,RTM,,GF,GF,RTM,RTM,TM,TM,,,,,TM,,,,,,,,,,TM,,,,,,,,,HM,1,RTM,,,,,,,RTM,,,,,,,,,,,,,,TM,,,,,,,,,,,,,TM,TM,,TM,,,,,,,,,,
69,bellsprout,,,,,,,,,,,,,,,,,,,,,,,,,,,,,,,,,,,TM,,33,18,TM,,21,1,,,,,,,,,,,,,TM,,,TM,,,,HM,,,,,TM,TM,,,,,,,,,1,,,,,,,,,,,,,,TM,,,,,TM,,,,,,,,,,,42,,,,,,,,,1,RTM,,,,TM,,,RTM,,,,,,13,26,,,15,,,,TM,,,,,,,,,,,,,TM,TM,,,,,,,,,,,,
70,weepinbell,,,,,,,,,,,,,,,,,,,,,,,,,,,,,,,,,,,TM,,38,GF,TM,,23,GF,,,,,,,,,,,,,TM,,,TM,,,,HM,,,,,TM,TM,,,,,,,,,GF,,,,,,,,,,,,,,TM,,,,,TM,,,,,,,,,,,GF,,,,,,,,,1,RTM,,,,TM,,,RTM,,,,,,GF,29,,,GF,,,,TM,,,,,,,,,,,,,TM,TM,,,,,,,,,,,,
71,victreebel,,,,,,,,,,,,,,,,,,,,,,,,,,,,,,,,,,,TM,,GF,GF,TM,,GF,GF,,,,,,,,,,,,,TM,,,TM,,,,HM,,,,,TM,TM,,,,,,,,,GF,,,,,,,RTM,,,,,,,TM,,,,,TM,,,,,,,,,,,GF,,,,,,,,,1,RTM,,,,TM,,,RTM,,,,,,GF,GF,,,GF,,,,TM,,,,,,,,,,,,,TM,TM,,,,,,,,,,,,
72,tentacool,,,,,,,,,,,,,,,,,,,,,,,,,,,,,,,,,,,TM,,,,,,,,,,,,,,TM,,TM,,,,TM,,,TM,,27,,HM,,,,,TM,TM,,,,,,,,,,,,,,,,,,,,,,,TM,,,,,TM,,,,,,40,,,,TM,,,,,,,,,,1,RTM,,7,,TM,,,RTM,,,,,,13,1,,,,18,,,TM,,,33,,,,,,,,,,TM,TM,,,,,TM,,,48,HM,22,,
73,tentacruel,,,,,,,,,,,,,,,,,,,,,,,,,,,,,,,,,,,TM,,,,,,,,,,,,,,TM,,TM,,,,TM,,,TM,,27,,HM,,,,,TM,TM,,,,,,,,,,,,,,,,RTM,,,,,,,TM,,,,,TM,,,,,,43,,,,TM,,,,,,,,,,1,RTM,,GF,,TM,,,RTM,,,,,,GF,GF,,,,GF,,,TM,,,35,,,,,,,,,,TM,TM,,,,,TM,,,50,HM,GF,,
74,geodude,,,,,,,,,,,TM,,,,,,TM,RTM,,TM,,,,,,,,,,,,,,,,,,,,,,,,,TM,31,TM,,,,,,,,TM,,,TM,,,,,11,,,,TM,TM,,36,,,,,,,,,,26,,,,,,,,,RTM,TM,TM,,,,,TM,,,,,,,21,,,,,,,,,,,,HM,1,RTM,,,,,1,,RTM,,,,,,,,,,,,,,TM,,,,,,,,,,,,,TM,TM,,TM,16,,,,,,,,,
75,graveler,,,,,,,,,,,TM,,,,,,TM,RTM,,TM,,,,,,,,,,,,,,,,,,,,,,,,,TM,36,TM,,,,,,,,TM,,,TM,,,,,GF,,,,TM,TM,,43,,,,,,,,,,29,,,,,,,,,RTM,TM,TM,,,,,TM,,,,,,,GF,,,,,,,,,,,,HM,1,RTM,,,,,GF,,RTM,,,,,,,,,,,,,,TM,,,,,,,,,,,,,TM,TM,,TM,GF,,,,,,,,,
76,golem,,,,,,,,,,,TM,,,,,,TM,RTM,,TM,,,,,,,,,,,,,,,,,,,,,,,,,TM,36,TM,,,,,,,,TM,,,TM,,,,,GF,,,,TM,TM,,43,,,,,,,,,,29,,,,RTM,,,,RTM,RTM,TM,TM,,,,,TM,,,,,,,GF,,,,,,,,,,,,HM,1,RTM,,,,,GF,,RTM,,,,,,,,,,,,,,TM,,,,,,,,,,,,,TM,TM,,TM,GF,,,,,,,,,
77,ponyta,,,,,,,,,,,,,,,,,,,1,TM,,39,,,,,,,,,,,,,,,,,,,,,,,,,,,,,,,,,TM,,,TM,,,,,,,,,TM,TM,,,,,,,,35,,,,,,,TM,,,,,,,,TM,,,,,TM,,,,,,,,,,TM,,,,,,,,32,,1,RTM,,,TM,,,30,43,,,,,,,,,,,,,,TM,48,,,,,,,,,,,,TM,TM,,,,,,,,,,,,
78,rapidash,,,,,,,,,,,,,,,,,,,GF,TM,,39,,,,,,,,,,,,,,,,,,,,,,,,,,,,,,,,,TM,,,TM,,,,,,,,,TM,TM,,,,,,,,GF,,,,,,,TM,RTM,,,,,,,TM,,,,,TM,,,,,,,,,,TM,,,,,,,,GF,,1,RTM,,,TM,,,GF,43,,,,,,,,,,,,,,TM,48,,,,,,,,,,,,TM,TM,,,,,,,,,,,,
79,slowpoke,,,,,,,,,TM,,,,,,,,,,,TM,,,,,,,,,,,,,,,,,,,,,,,,,TM,TM,TM,,TM,,TM,,,,TM,,,TM,,,,,,18,,,TM,TM,,,HM,,,,,27,,,,,22,,,,,,,,,,TM,,TM,,,TM,,,,,,,,,,TM,,,,,,,,,HM,1,RTM,,,TM,,,,RTM,,,TM,,,,,,,,,,,TM,,40,,1,,,,,,,48,TM,TM,TM,TM,,,,TM,,,,HM,33,,
80,slowbro,,,,,,,,,TM,,TM,,,,,,TM,RTM,,TM,,,,,,,,,,,,,,,,,,,,,,,,,TM,TM,TM,,TM,,TM,,,,TM,,,TM,,,,,,GF,,,TM,TM,,,HM,,,,,GF,,,,,GF,,,RTM,,,,RTM,RTM,,TM,,TM,,,TM,,,,,,,,,,TM,,,,,,,,,HM,1,RTM,,,TM,,,,RTM,,,TM,,,,,,,,,,,TM,,44,,GF,,,,,,,55,TM,TM,TM,TM,,,,TM,,,,HM,33,,37
81,magnemite,,,,,,TM,,25,35,TM,,,,,,,,,,,,,,,,,,,,,,,,,,,,,,,,,,,,,,,,,,,,,TM,,,TM,,,,,,,,,TM,TM,,,HM,,,,,,,,,,,,,,,,,,,,TM,,,,,TM,,,,,,47,,,,,,,,,21,,,,,1,RTM,,29,41,,1,,RTM,,,,,,,,,,,,,,TM,,,,,,,,,,,,,TM,TM,TM,,,,,,,,,,,
82,magneton,,,,,,TM,,GF,38,TM,,,,,,,,,,,,,,,,,,,,,,,,,,,,,,,,,,,,,,,,,,,,,TM,,,TM,,,,,,,,,TM,TM,,,HM,,,,,,,,,,,,,RTM,,,,,,,TM,,,,,TM,,,,,,54,,,,,,,,,GF,,,,,1,RTM,,GF,46,,GF,,RTM,,,,,,,,,,,,,,TM,,,,,,,,,,,,,TM,TM,TM,,,,,,,,,,,
83,farfetchd,,,,,,,,,,,,,,,,,,,,,,,,,HM,,,,,,,,,,,,,,,,,,,,,,,,,,,,,,TM,,,TM,,,,HM,,,,,TM,TM,,,,,15,,,,,,,,,,,,,,7,,,,TM,,,,,TM,RTM,,,1,,,,,,TM,,39,,,,,,,,1,RTM,,,TM,23,,,RTM,,,,,TM,,,,,,,,,TM,31,,,,,,,,,,,,TM,TM,,,,,,,,,,,,
84,doduo,,,,,,,,,,,,,,,,,,,,,,,,30,HM,,,TM,,,,,,,,,,,,,,,,,,,,,,,,,,,TM,,,TM,,,,,,,,,TM,TM,,,,,24,,,20,,,,,,,,,,,,,,,TM,,,,,36,,,,,,,,,,TM,,,,,,,,,,1,RTM,,,,,,,RTM,,,40,,TM,,,,,,,,,TM,44,,,,,,,,,,,,TM,TM,,,,,,,,,,,,
85,dodrio,,,,,,,,,,,,,,,,,,,,,,,,30,HM,,,TM,,,,,,,,,,,,,,,,,,,,,,,,,,,TM,,,TM,,,,,,,,,TM,TM,,,,,GF,,,GF,,,,,,,,RTM,,,,,,,TM,,,,,39,,,,,,,,,,TM,,,,,,,,,,1,RTM,,,,,,,RTM,,,45,,TM,,,,,,,,,TM,51,,,,,,,,,,,,TM,TM,,,,,,,,,,,,
86,seel,,,,,,,,,,,,,,,,,,,,,,,,,,,,,,,,,,,,,,,,,,,,,,,,35,TM,,50,,,,TM,,,TM,,,,,,,,,TM,TM,,,,,,,,30,,,,,1,,TM,,,,,,,,TM,,TM,,,TM,,,,,,,,,,TM,,,,,,,,,HM,1,RTM,,,,,,,45,,,,,,,,,,,,,,TM,,,,,,,,,,,,,TM,40,,,,,TM,,,,HM,TM,,
87,dewgong,,,,,,,,,,,,,,,,,,,,,,,,,,,,,,,,,,,,,,,,,,,,,,,,35,TM,,56,,,,TM,,,TM,,,,,,,,,TM,TM,,,,,,,,GF,,,,,GF,,TM,RTM,,,,,,,TM,,TM,,,TM,,,,,,,,,,TM,,,,,,,,,HM,1,RTM,,,,,,,50,,,,,,,,,,,,,,TM,,,,,,,,,,,,,TM,44,,,,,TM,,,,HM,TM,,
88,grimer,,,,,,TM,,,,TM,,,,,,,,,,TM,,,,,,,,,,,,,,,TM,,,,,,,,,,,,,,,,,,,,TM,,,TM,,,,,,1,,,TM,TM,,TM,,,,,,,,,,42,,,,,,,,,,,TM,33,,1,,TM,,,,,,48,TM,,,,,,,,,,,,,1,RTM,,,,,,,RTM,,,,,,,,55,30,,,37,,TM,,,,,,,,,,,,,TM,TM,,,,,,,,,,,,
89,muk,,,,,,TM,,,,TM,,,,,,,,,,TM,,,,,,,,,,,,,,,TM,,,,,,,,,,,,,,,,,,,,TM,,,TM,,,,,,GF,,,TM,TM,,TM,,,,,,,,,,45,,,,RTM,,,,,,,TM,GF,,GF,,TM,,,,,,53,TM,,,,,,,,,,,,,1,RTM,,,,,,,RTM,,,,,,,,60,GF,,,GF,,TM,,,,,,,,,,,,,TM,TM,,,,,,,,,,,,
90,shellder,,,,,,,,,,,,,,,,,,,,,,,,,,,,,,,,,,,,,,,,,,,,,,,,30,TM,,50,,,,TM,,,TM,,,,,,,,,TM,TM,,TM,,,,,,,,,,,,,,,,,39,,,,TM,,,,,TM,,,,,,,TM,,,,,,,,,,,,,1,RTM,,18,TM,,1,,RTM,,,TM,,,,,,,,,,,TM,,,,,,,,,,,,,TM,TM,TM,,,,TM,23,,,HM,TM,,1
91,cloyster,,,,,,,,,,,,,,,,,,,,,,,,,,,,,,,,,,,,,,,,,,,,,,,,GF,TM,,GF,,,,TM,,,TM,,,,,,,,,TM,TM,,TM,,,,,,,,,,,,,,RTM,,,GF,,,,TM,,,,,TM,,,,,,,TM,,,,,,,,,50,,,,1,RTM,,GF,TM,,GF,,RTM,,,TM,,,,,,,,,,,TM,,,,,,,,,,,,,TM,TM,TM,,,,TM,GF,,,HM,TM,,GF
92,gastly,,,,,,TM,,,,TM,,,,,,,,,,,,,,,,,,,,1,1,1,,,TM,,,,,,,,,,,,,,,,,,,,TM,,,TM,,,,,,,,,TM,TM,,TM,,,,,,,,,,,,,,,,,,,,,TM,,,,,TM,,,,,,,TM,,,,,,,,,,,,,1,RTM,,,,,,,RTM,,,,,,,,,,,,,,TM,,,,,35,27,,,,,,TM,TM,TM,,,,,,,,,,,,
93,haunter,,,,,,TM,,,,TM,,,,,,,,,,,,,,,,,,,,GF,GF,GF,,,TM,,,,,,,,,,,,,,,,,,,,TM,,,TM,,,,,,,,,TM,TM,,TM,,,,,,,,,,,,,,,,,,,,,TM,,,,,TM,,,,,,,TM,,,,,,,,,,,,,1,RTM,,,,,,,RTM,,,,,,,,,,,,,,TM,,,,,38,29,,,,,,TM,TM,TM,,,,,,,,,,,,
94,gengar,,,,,,TM,,,,TM,TM,,,,,,TM,RTM,,,,,,,,,,,,GF,GF,GF,,,TM,,,,,,,,,,,,,,,,,,,,TM,,,TM,,,,,,,,,TM,TM,,TM,,,,,,,,,,,,,,RTM,,,,RTM,RTM,TM,TM,,,,,TM,,,,,,,TM,,,TM,,,,,,,,,HM,1,RTM,,,,,,,RTM,,,,,,,,,,,,,,TM,,,,,38,29,,,,,,TM,TM,TM,,,,,,,,,,,,
95,onix,,,,,,,,,,,,,,,,,,,,,,,,,,,,,,,,,,,,,,,,,,,,,TM,TM,TM,,,,,,,,TM,15,,TM,,,,,,,,,TM,TM,,TM,,,,,,,,,,43,,,,,,,,,,,TM,,,,,25,,,,,,1,TM,,,,33,,,,,,,,HM,1,RTM,,,,,1,,RTM,,,,,,,,,,,,,,TM,,,,,,,,,,,,,TM,TM,,TM,19,,,,,,,,,
96,drowzee,,,,,,,,,TM,,TM,,,,,,TM,RTM,,,,,,,,,,,,,,,,,,,,,,,,,,,,,,,,,,,,,TM,,,TM,,,,,,12,,,TM,TM,,,HM,,,,,,,,,,,,,,,,,RTM,RTM,TM,TM,,,1,,TM,,,,,,,,,,TM,,,,,,,,,,1,RTM,,,,,,,RTM,,,TM,,,,,,29,,,,,TM,,,,17,TM,1,,,37,,32,TM,TM,TM,TM,,,,,,,,,,,
97,hypno,,,,,,,,,TM,,TM,,,,,,TM,RTM,,,,,,,,,,,,,,,,,,,,,,,,,,,,,,,,,,,,,TM,,,TM,,,,,,GF,,,TM,TM,,,HM,,,,,,,,,,24,,,RTM,,,,RTM,RTM,TM,TM,,,GF,,TM,,,,,,,,,,TM,,,,,,,,,,1,RTM,,,,,,,RTM,,,TM,,,,,,33,,,,,TM,,,,GF,TM,1,,,45,,37,TM,TM,TM,TM,,,,,,,,,,,
98,krabby,,,,,,,,,,,,,,,,,,,,,,,,,,,,,,,,,,,,,,,,,,,,,,,,,TM,,TM,,,,TM,,,TM,,,,HM,,,,,TM,TM,,,,,,,,,,25,,40,GF,,,,,,1,,,,TM,,,,,TM,,,,,,,,,,TM,,,,,,,,30,HM,1,RTM,,,,TM,,,RTM,,,,20,,,,,,,,,,TM,,,,,,,,,,,,,TM,TM,,,,1,TM,,35,,HM,TM,,
99,kingler,,,,,,,,,,,,,,,,,,,,,,,,,,,,,,,,,,,,,,,,,,,,,,,,,TM,,TM,,,,TM,,,TM,,,,HM,,,,,TM,TM,,,,,,,,,,25,,49,,,,RTM,,,GF,,,,TM,,,,,TM,,,,,,,,,,TM,,,,,,,,GF,HM,1,RTM,,,,TM,,,RTM,,,,GF,,,,,,,,,,TM,,,,,,,,,,,,,TM,TM,,,,GF,TM,,42,,HM,TM,,
100,voltorb,,,,,,TM,,,TM,TM,,,,,,,,,,,,,,,,,,,,,,,,,,,,,,,,,,,,,,,,,,,,,TM,,,TM,,,,,,,,,TM,TM,,43,HM,,,,,,,,,,,,,,,,,,,,TM,,,,,TM,,,,,,1,22,,,,,,,,17,,,,,1,RTM,,,36,,1,,RTM,,,,,,,,,,,,,,TM,,,,,,,,29,,,,,TM,TM,TM,,,,,,,,,,,
101,electrode,,,,,,TM,,,TM,TM,,,,,,,,,,,,,,,,,,,,,,,,,,,,,,,,,,,,,,,,,,,,,TM,,,TM,,,,,,,,,TM,TM,,50,HM,,,,,,,,,,,,,RTM,,,,,,,TM,,,,,TM,,,,,,GF,GF,,,,,,,,GF,,,,,1,RTM,,,40,,GF,,RTM,,,,,,,,,,,,,,TM,,,,,,,,GF,,,,,TM,TM,TM,,,,,,,,,,,
102,exeggcute,,,,,,,,,,,,,,,,,,,,,,,,,,,,,,,,,,28,,,,48,42,,32,,,,,,,,,,,,,1,TM,,,TM,,,,,,,,,TM,TM,RTM,TM,,,,,,,,,,,,,,,,,,,,,TM,,,,,TM,,,,,,,TM,,,,,,,,,,,,,1,RTM,,,,,,,RTM,,,,,,,,,,37,,,,TM,,,,,,1,,,,,,TM,25,TM,TM,,,,,,,,,,,
103,exeggcutor,,,,,,,,,,,,,,,,,,,,,,,,,,,,,,,,,,GF,TM,,,GF,TM,,GF,,,,,,,,,,,,,GF,TM,,,TM,,,,,,,,,TM,TM,RTM,TM,,,,,,,,,,,,,,RTM,,,,,,,TM,,,,,TM,,,,,,,TM,,,,,,,,,,,28,HM,1,RTM,,,,,,,RTM,,,,,,,,,,GF,,,,TM,,,,,,GF,,,,,,TM,GF,TM,TM,,,,,,,,,,,
104,cubone,,,,,,,,,,,TM,,,,,,TM,RTM,,TM,,,,,,,,,,,,,,,,,,,,,,,10,43,TM,TM,TM,,TM,,TM,,,,TM,,,TM,,,,,,,,,TM,TM,,,,31,,,,1,,,,,18,,,,,,25,RTM,RTM,,TM,,,,,46,,,,,,,,,,TM,,,,,,,,,HM,1,RTM,,,,,,13,RTM,38,,,,,,,,,,,,,TM,,,,,,,,,,,,,TM,TM,,,,,TM,,,,,TM,,
105,marowak,,,,,,,,,,,TM,,,,,,TM,RTM,,TM,,,,,,,,,,,,,,,,,,,,,,,GF,48,TM,TM,TM,,TM,,TM,,,,TM,,,TM,,,,,,,,,TM,TM,,,,33,,,,GF,,,,,GF,,,RTM,,,GF,RTM,RTM,,TM,,,,,55,,,,,,,,,,TM,,,,,,,,,HM,1,RTM,,,,,,GF,RTM,41,,,,,,,,,,,,,TM,,,,,,,,,,,,,TM,TM,,,,,TM,,,,,TM,,
106,hitmonlee,,,,,,,,,,,TM,1,48,38,,33,TM,RTM,,,,,,,,,,,,,,,,,,,,,,,,,,,,,,,,,,,,,TM,,,TM,,,,,,,,,TM,TM,,,,43,,,,,,,,,,,,,,,,53,RTM,TM,TM,,,,,TM,,,,,,,,,,TM,,,,,,,,,HM,1,RTM,,,TM,,,,RTM,,,,,,,,,,,,,,TM,,,,,,,,,1,,,,TM,TM,,,,,,,,,,,,
107,hitmonchan,,,,,,,43,,,,53,,,,,,TM,RTM,,,33,,,,,,,,,,,,,,,,,,,,,,,,,,,,,,,38,,,TM,,,TM,1,,,,,,,,TM,TM,,,,,,,,,,,,,,,,,,,,RTM,48,TM,TM,,,,,TM,,,,,,,,,,TM,,,,,,,,,HM,1,RTM,,,TM,,,,RTM,,,,,,,,,,,,,,TM,1,,,,,,,,,,,,TM,TM,,,,,,,,,,,,
108,lickitung,,,,,,TM,,,,TM,TM,,,,,,TM,RTM,,TM,,,,,,,,,,,,,,,,,,,,,,,,,,TM,TM,,TM,,TM,,,,TM,,,TM,,,,HM,23,15,,,TM,TM,,,,,,,,,,,,,,,,RTM,,,,RTM,RTM,,TM,,,,,TM,,,,,,,,,,TM,31,,,,,,,7,HM,1,RTM,,1,,TM,,,RTM,,,,,,1,,,,,,,,TM,,,,,,,,,,,,,TM,TM,,,,,TM,,,,HM,TM,,
109,koffing,,,,,,TM,,,,TM,,,,,,,,,,TM,,,,,,,,,,,,,,,,,,,,,,,,,,,,,,45,,,,,TM,,,TM,,,,,,,,,TM,TM,,48,,,,,,,,,,,,,,,,,,,,,TM,,,,,TM,,,,,,39,40,,,,,,37,,,,,,,1,RTM,,,,,1,,RTM,,,,,,,,,,,,32,1,TM,,,,,,,,,,,,,TM,TM,,,,,,,,,,,,
110,weezing,,,,,,TM,,,,TM,,,,,,,,,,TM,,,,,,,,,,,,,,,,,,,,,,,,,,,,,,49,,,,,TM,,,TM,,,,,,,,,TM,TM,,53,,,,,,,,,,,,,,RTM,,,,,,,TM,,,,,TM,,,,,,,GF,,,,,,39,,,,,,,1,RTM,,,,,GF,,RTM,,,,,,,,,,,,GF,GF,TM,,,,,,,,,,,,,TM,TM,,,,,,,,,,,,
111,rhyhorn,,,,,,TM,,,,TM,,,,,,,,,,TM,,,,,,,,,,,,,,,,,,,,,,,,,TM,TM,TM,,,,,,,,TM,,,TM,,,,,,,,,TM,TM,,,,,40,,,,,,,,,1,45,,,,50,,,,TM,,,,,TM,,,,,,,,,,TM,,,,,,,,30,HM,1,RTM,,,,,,1,55,,,,,,,,,,,,,,TM,,,,,,,,,,,,,TM,TM,,TM,,,,,,,,,,
112,rhydon,,,,,,TM,,,,TM,TM,,,,,,TM,RTM,,TM,,,,,,,,,,,,,,,,,,,,,,,,,TM,TM,TM,,TM,,TM,,,,TM,,,TM,,,,,,,,,TM,TM,,,,,GF,,,,,,,,,GF,48,RTM,,,55,RTM,RTM,,TM,,TM,,,TM,,,,,,,,,,TM,,,,,,,,GF,HM,1,RTM,,,,,,GF,64,,,,,,,,,,,,,,TM,,,,,,,,,,,,,TM,TM,,TM,,,TM,,,,HM,TM,,
113,chansey,,,,,,TM,,,TM,TM,TM,,,,,,TM,RTM,,TM,,,,,,,,,,,,,,,,,,,TM,,,,,,,,,,TM,,TM,,,,TM,,,TM,,,,,44,,,12,TM,54,RTM,,HM,,,,,30,,,,,,,,RTM,,,,RTM,RTM,TM,TM,38,,1,,TM,,,,,,,,,24,TM,,,,TM,,,,,HM,1,RTM,,,,,,1,RTM,,,TM,,,,,,,,,,,TM,,,,,,,,48,,,,TM,TM,TM,TM,,,,TM,,,,,TM,,
114,tangela,,,,,,,,,,,,,,,,,,,,,,,,,,,,,,,,,27,,TM,,,39,TM,,36,29,,,,,,,,,,,,,TM,24,,TM,,1,,HM,,,,,TM,TM,,,,,,,,,48,,,,,,,RTM,,,,,,,TM,,,,,TM,,,,,,,,,,TM,45,,,,,,,,,1,RTM,,,,TM,,,RTM,,,,,,,,,,32,,,,TM,,,,,,,,,,,,,TM,TM,,,,,,,,,,,,
115,kangaskhan,,,,,,TM,,,,TM,TM,,,,,,TM,RTM,,TM,,,,,,,,,,,,,,,,,,,,,,,,,,TM,TM,,TM,,TM,,,,TM,,26,TM,1,,,,,,46,,TM,TM,,,,,,,,,,,,,,,,RTM,,,41,RTM,36,,TM,,,,,1,,,,,,,,,,TM,,,,,,,,,HM,1,RTM,,,,,,31,RTM,,,,,,,,,,,,,,TM,,,,,,,,,,,,,TM,TM,,TM,,,TM,,,,HM,TM,,
116,horsea,,,,,,,,,,,,,,,,,,,,,,,,,,,,,,,,,,,,,,,,,,,,,,,,,TM,,TM,,,,TM,,,TM,,,,,,,,,TM,TM,,,,,,,,,,,,,,,,,,,24,,,,TM,,,,,TM,,,,,,,,,,TM,,,19,,,,,,,1,RTM,,,TM,,,,RTM,,,,,,,,,,,,,,TM,37,,,,,,,,,,,,TM,TM,,,,1,TM,,,45,HM,30,,
117,seadra,,,,,,,,,,,,,,,,,,,,,,,,,,,,,,,,,,,,,,,,,,,,,,,,,TM,,TM,,,,TM,,,TM,,,,,,,,,TM,TM,,,,,,,,,,,,,,,,RTM,,,GF,,,,TM,,,,,TM,,,,,,,,,,TM,,,GF,,,,,,,1,RTM,,,TM,,,,RTM,,,,,,,,,,,,,,TM,41,,,,,,,,,,,,TM,TM,,,,GF,TM,,,52,HM,30,,
118,goldeen,,,,,,,,,,,,,,,,,,,,,,,,,,,1,,,,,,,,,,,,,,,,,,,,,,TM,,TM,,,,TM,,,TM,,,,,,,,,TM,TM,,,,,30,,,,,,,,,24,45,,,,,,,,TM,,,,,TM,,,,,,,,,,TM,,,,,,,,,,1,RTM,,19,TM,,,1,RTM,,,,,,,,,,,,,,TM,54,,,,,,,,,,,,TM,TM,,,,,TM,,,,HM,TM,37,
119,seaking,,,,,,,,,,,,,,,,,,,,,,,,,,,1,,,,,,,,,,,,,,,,,,,,,,TM,,TM,,,,TM,,,TM,,,,,,,,,TM,TM,,,,,GF,,,,,,,,,GF,48,RTM,,,,,,,TM,,,,,TM,,,,,,,,,,TM,,,,,,,,,,1,RTM,,GF,TM,,,GF,RTM,,,,,,,,,,,,,,TM,54,,,,,,,,,,,,TM,TM,,,,,TM,,,,HM,TM,39,
120,staryu,,,,,,TM,,,TM,TM,,,,,,,,,,,,,,,,,,,,,,,,,,,,,,,,,,,,,,,TM,,TM,,,,TM,,,TM,,,,,,,,,TM,TM,,,HM,,,,,,,,,22,,,,,,,,,,,TM,37,,,,TM,,27,,,,,,,,TM,,,,,,,,,,1,RTM,,,32,,1,,RTM,,,TM,,,,,,,,,,,TM,,,,,,,,42,,,,TM,TM,TM,TM,,,,TM,,,47,HM,17,,
121,starmie,,,,,,TM,,,TM,TM,,,,,,,,,,,,,,,,,,,,,,,,,,,,,,,,,,,,,,,TM,,TM,,,,TM,,,TM,,,,,,,,,TM,TM,,,HM,,,,,,,,,GF,,,,RTM,,,,,,,TM,GF,,,,TM,,GF,,,,,,,,TM,,,,,,,,,,1,RTM,,,GF,,GF,,RTM,,,TM,,,,,,,,,,,TM,,,,,,,,GF,,,,TM,TM,TM,TM,,,,TM,,,,HM,GF,,
122,mr. mime,,,,,,TM,,,TM,TM,TM,,,,,,TM,RTM,,,,,,,,,,,,,,,,,,,,,TM,,,,,,,,,,,,,,,,TM,,,TM,,,,,,,,31,TM,TM,,,HM,,,,,,,,,,,,,RTM,,,,RTM,RTM,TM,TM,,,,,TM,,,,,,,,,,TM,,,,,,,,,,1,RTM,,,,,,,RTM,,,,,,,,,,,,,,TM,,,1,15,,,,23,39,,,TM,TM,TM,TM,,,,,,,,,,,
123,scyther,,,,,,TM,,,,,,,,,,,,,,,,,,,,,,,50,,,,,,,,,,,,,,,,,,,,,,,,,,TM,,,TM,,,,HM,,,,,24,TM,,,,20,,,,,,,,,,,,RTM,,,17,,,,TM,,,,1,TM,,,,,,,,,,TM,,29,,,,,,,,1,RTM,,,TM,35,,,RTM,,,,,,,,,,,,,,TM,42,,,,,,,,,,,,TM,TM,,,,,,,,,,,,
124,jynx,,,,,,,,,,,TM,,,,,,TM,RTM,,,,,,,,,,,,,18,,,,,,,,,,,,,,,,,,58,,TM,31,,,TM,,,39,,,,,,,,23,TM,TM,,,,,,,,,,,,,,,,RTM,,,,RTM,RTM,TM,TM,,,1,,TM,,,,,,,,,,TM,,,,,,,,,,1,RTM,,,,,,,RTM,47,,,,,,,,,,,,,TM,,,,,,,,,,,,TM,TM,TM,TM,,,,TM,,,,,TM,,
125,electabuzz,,,,,,54,42,34,TM,TM,TM,,,,,,TM,RTM,,,,,,,,,,,,,,,,,,,,,,,,,,,,,,,,,,,,,TM,,,TM,,,,,,,,,TM,TM,,,HM,,,,,,,,,,,,,RTM,,,1,RTM,RTM,TM,TM,,,,1,TM,,,,,,37,,,,TM,,,,,,,,,HM,1,RTM,,,TM,,,,RTM,,,,,,,,,,,,,,TM,,,,,,,,49,,,,TM,TM,TM,TM,,,,,,,,,,,
126,magmar,,,,,,,,,,,TM,,,,,,TM,RTM,1,TM,43,,55,,,,,,,39,,,,,,,,,,,,,,,,,,,,,,,,,TM,,,TM,,,,,,,,,TM,TM,,,,,,,,,,,,,,,,RTM,,,36,RTM,RTM,TM,TM,,,,,TM,,,,,,,,,,TM,,,48,,,,,,HM,1,RTM,,,,,,,RTM,,,,,,,,,,,,,52,TM,,,,,,,,,,,,TM,TM,TM,TM,,,,,,,,,,,
127,pinsir,,,,,,,,,,,,,,,,,25,RTM,,,,,,,,,,,,,,,,,,,,,,,,,,,,,,,,,,,,,TM,21,,TM,,,,HM,,,,,TM,TM,,,,36,,,,,,30,,43,,,,RTM,,,,,,,TM,,,,,TM,,,,,,,,,,TM,,49,,,,,,,HM,1,RTM,,,,54,,,RTM,,,,1,,,,,,,,,,TM,,,,,,,,,,,,,TM,TM,,,,,,,,,,,,
128,tauros,,,,,,TM,,,,TM,,,,,,,,,,TM,,,,,,,,,,,,,,,,,,,,,,,,,,TM,TM,,TM,,TM,,,,TM,,,TM,,,,,,,,,TM,TM,,,,,,,,,,,,,,,TM,RTM,,,35,,,,TM,,,,,44,,,,,,,,,,TM,,,,,,,,21,HM,1,RTM,,,,,1,28,51,,,,,,,,,,,,,,TM,,,,,,,,,,,,,TM,TM,,,,,,,,,,,,
129,magikarp,,,,,,,,,,,,,,,,,,,,,,,,,,,,,,,,,,,,,,,,,,,,,,,,,,,,,,,,,,,,,,,,,,,,,,,,,,,,,,,,,,,,,,,,,,,,,,,,,,,,,,,,,,,,,,,,,1,,,1,,,,,,15,,,,,,,,,,,,,,,,,,,,,,,,,,,,,,,,,,,,,,,,,,
130,gyarados,,,,,25,TM,,,,TM,,,,,,,,,,TM,,,,,,,,,,,,,,,,,,,,,,,,,,,,,TM,,TM,,,,TM,,20,TM,,,,,,,,,TM,TM,,,,,,,,,,,,,,,,52,,,32,,,,TM,,,,,TM,,,,,,,,,,TM,,,,,,,,,HM,1,RTM,,,,,GF,,RTM,,,,,,,,,,,,,,TM,,,,,,,,,,,,,TM,TM,,,,,TM,,,41,HM,TM,,
131,lapras,,,,,RTM,TM,,,,TM,,,,,,,,,,,,,,,,,,,,31,,,,,,,,,TM,,,,,,,,,,TM,,38,,20,,TM,,,25,,,,,,,,,TM,TM,,,,,,,,1,,,,,,,TM,RTM,,,,,,,TM,,,,,TM,,,,,,,,,16,TM,,,,,,,,,HM,1,RTM,,,,,,,RTM,,,,,,,,,,,,,,TM,,,,,,,,,,,,TM,TM,TM,,,,,TM,,,46,HM,1,,
132,ditto,,,,,,,,,,,,,,,,,,,,,,,,,,,,,,,,,,,,,,,,,,,,,,,,,,,,,,,,,,,,,,,,,,,,,,,,,,,,,,,,,,,,,,,,,,,,,,,,,,,,,,,,,,,,,,,,,,,,1,,,,,,,,,,1,,,,,,,,,,,,,,,,,,,,,,,,,,,,,,,,,,,,,,
133,eevee,,,,,,,,,,,,,,,,,,,,,,,,,,,,,,,,,,,,,,,,,,,,,,,,,,,,,,,TM,,30,TM,,,,,,,,,TM,TM,,,,36,,,,16,,,,,,,,,,,,,,,TM,,,,23,TM,,,,8,,,,,,TM,,,,,,,,,,1,RTM,,,TM,,1,1,42,,,,,,,,,,,,,,TM,,,,,,,,,,,,,TM,TM,,,,,,,,,,,,
134,vaporeon,,,,,,,,,,,,,,,,,,,,,,,,,,,,,,,,,,,,,,,,,,,,,,,,36,TM,42,TM,,48,,TM,,30,TM,,,,,,,,,TM,TM,,,,GF,,,,GF,,,,,,,,RTM,,,,,,,TM,,,,23,TM,,,,GF,,,,,,TM,,,,,,,,,,1,RTM,,,TM,,GF,GF,GF,,,,,,,,47,,,,,,TM,,,,,,,,,,,,,TM,TM,,,,,TM,,,52,HM,16,,
135,jolteon,,36,,,,52,,31,40,TM,,30,,,,,,,,,,,,,,,,,,,,,,,,,,,,,,,,,,,,,,,,,,,TM,,,TM,,,,,,,,,TM,TM,,,HM,GF,,,,GF,,,,,,,,RTM,,,,,,,TM,,,,23,TM,,,,GF,,,,,,TM,,,,,,,,,,1,RTM,,,TM,,GF,GF,GF,,,,,,,,,,,,,,TM,47,,,,,,,,,,,,TM,TM,,,,,,,,,,,,
136,flareon,,,,,,,,,,,,,,,,,,,31,TM,,36,52,,,,,,,,,,,,,,,,,,,,,,,,,,,,,,,,TM,,30,TM,,,,,,,,,TM,TM,,,,GF,,,,GF,,,,,,,,RTM,,,47,,,,TM,,,,23,48,,,,GF,,,,,,TM,,,,,,,,,,1,RTM,,,TM,,GF,GF,GF,,,,,,,,,,,,,42,TM,,,,,,,,,,,,,TM,TM,,,,,,,,,,,,
137,porygon,,,,,,TM,,,TM,TM,,,,,,,,,,,,,,,,,,,,,,,,,,,,,,,,,,,,,,,TM,,TM,,,,TM,,,TM,,,1,,,,,,TM,TM,,,HM,,,,,,,,,,,,,,,,,,,,TM,,,,,TM,,28,,,,,,1,,TM,,,,,,,,,,1,RTM,,,,,1,,RTM,,,TM,,,,,,,,,,,TM,35,,,,,,,,,23,,TM,TM,TM,TM,,,,,,,,,,,
138,omanyte,,,,,,,,,,,,,,,,,,,,,,,,,,,,,,,,,,,,,,,,,,,,,,,,,TM,,TM,,,,TM,,,TM,,,,,,,,,TM,TM,,,,,,,,,,,,,,34,,,,,39,,,,TM,,,,,TM,,,,,,,,,,,,,,,,46,,,,1,RTM,,,,,,,RTM,,,,,,,,,,,,,,TM,,,,,,,,,,,,,TM,TM,,,,,TM,,,53,HM,1,,1
139,omastar,,,,,,,,,,,,,,,,,TM,RTM,,,,,,,,,,,,,,,,,,,,,,,,,,,,,,,TM,,TM,,,,TM,,,TM,,,,,,,,,TM,TM,,,,,,,,,,,,,,GF,,RTM,,,GF,,,,TM,,,,,TM,,,,,,,,,,TM,,,,,,44,,,,1,RTM,,,,,,,RTM,,,,,,,,,,,,,,TM,,,,,,,,,,,,,TM,TM,,,,,TM,,,49,HM,GF,,GF
140,kabuto,,,,,,,,,,,,,,,,,,,,,,,,,,,,,,,,,34,,,,,,,,,,,,,,,,TM,,TM,,,,TM,,,TM,,,,,,,,,TM,TM,,,,,,,,,,,,1,,,,,,,44,,,,TM,,,,,TM,,,,,1,,,,,,,39,,,,,,,,1,RTM,,,,,,,RTM,,,,,,,,,,,,,,TM,,,,,,,,,,,,,TM,TM,,,,,TM,,,49,HM,TM,,
141,kabutops,,,,,,,,,,,,,,,,,TM,RTM,,,,,,,,,,,,,,,GF,,,,,,,,,,,,,,,,TM,,TM,,,,TM,,,TM,,,,HM,,,,,TM,TM,,,,,,,,,,,,GF,,,,RTM,,,46,RTM,,,TM,,,,,TM,RTM,,,,GF,,,,,TM,,GF,,,,,,,,1,RTM,,,,TM,,,RTM,,,,,,,,,,,,,,TM,,,,,,,,,,,,,TM,TM,,,,,TM,,,53,HM,TM,,
142,aerodactyl,,,,,RTM,,,,,,,,,,,,,,,TM,,,,,HM,,,TM,1,,,,,,,,,,,,,,,,,,,,,,,,,,TM,,38,TM,,,,,,,,,TM,TM,,,,,,,,,,,,,,,,54,,,,,,,TM,,,,,TM,RTM,,,,,,,,,,,,,,,,,,,1,RTM,,33,TM,,,,45,,,,,TM,,,,,,,,,TM,1,,,,,,,,,,,,TM,TM,,,,,,,,,,,,
143,snorlax,,,,,,TM,,,,TM,TM,,,,,,TM,RTM,,TM,,,,,,,,,,,,,,,,,,,TM,,,,,,,TM,TM,,TM,,TM,,,,TM,,,35,,,,,,,,,TM,48,,,,,,,,,,,,41,1,,,56,,,,RTM,RTM,TM,TM,,TM,,,TM,,,,,,,TM,,,TM,,,,,,,,,HM,1,RTM,,,,,,,RTM,,,,,,,,,,,,,,TM,,1,,,,,,,,,,TM,TM,1,,TM,,,TM,,,,HM,TM,,
144,articuno,,,,,,,,,,,,,,,,,,,,,,,,,HM,,1,TM,,,,,,,,,,,,,,,,,,,,,51,,1,,60,,TM,,,TM,,,,,,,,,TM,TM,,,,,,,,,,,,,,,,RTM,,,,,,,TM,,,,,TM,RTM,,,,,,,,,,,,,,,,,,,1,RTM,,,TM,,,,RTM,,,,,TM,,,,,,,,,TM,55,,,,,,,,,,,,TM,TM,,,,,TM,,,,,TM,,
145,zapdos,,,,,,51,,1,TM,TM,,,,,,,,,,,,,,1,HM,,,TM,,,,,,,,,,,,,,,,,,,,,,,,,,,TM,,,TM,,,,,,,,,TM,TM,,,HM,,,,,,,,,,,,,RTM,,,,,,,TM,,,,,TM,RTM,,,,,,,,,,,,,,,,,,,1,RTM,,,TM,,,,RTM,,,,,TM,,,,,,,,,TM,55,,,,,,,60,,,,,TM,TM,,,,,,,,,,,,
146,moltres,,,,,,,,,,,,,,,,,,,,TM,,1,,,HM,,1,60,,,,,,,,,,,,,,,,,,,,,,,,,,,TM,,,TM,,,,,,,,,TM,TM,,,,,,,,,,,,,,,,RTM,,,51,,,,TM,,,,,TM,RTM,,,,,,,,,,,,,,,,,,,1,RTM,,,TM,,,,RTM,,,,,TM,,,,,,,,,TM,55,,,,,,,,,,,,TM,TM,,,,,,,,,,,,
147,dratini,,,,,40,TM,,,10,TM,,,,,,,,,,TM,,,,,,,,,,,,,,,,,,,,,,,,,,,,,TM,,TM,,,,TM,,,TM,,,,,,,,,TM,TM,,,,,,,,,,,,,,,,50,,,1,,,,TM,,,,,TM,,,,,,,,,,TM,30,,,,,,,,,1,RTM,,,TM,,,,RTM,,,,,,1,,,,,,,,TM,20,,,,,,,,,,,,TM,TM,,,,,TM,,,,HM,TM,,
148,dragonair,,,,,45,TM,,,GF,TM,,,,,,,,,,TM,,,,,,,,,,,,,,,,,,,,,,,,,,,,,TM,,TM,,,,TM,,,TM,,,,,,,,,TM,TM,,,,,,,,,,,,,,,TM,55,,,GF,,,,TM,,,,,TM,,,,,,,,,,TM,35,,,,,,,,,1,RTM,,,TM,,,,RTM,,,,,,GF,,,,,,,,TM,GF,,,,,,,,,,,,TM,TM,,,,,TM,,,,HM,TM,,
149,dragonite,,,,,45,TM,,,GF,TM,,,,,,,,,,TM,,,,,,,,,,,,,,,,,,,,,,,,,,,,,TM,,TM,,,,TM,,,TM,,,,,,,,,TM,TM,,,,,,,,,,,,,,,TM,60,,,GF,,,,TM,,,,,TM,RTM,,,,,,,,,TM,35,,,,,,,,HM,1,RTM,,,TM,,,,RTM,,,,,,GF,,,,,,,,TM,GF,,,,,,,,,,,,TM,TM,,,,,TM,,,,HM,TM,,
150,mewtwo,,,,,,TM,,,TM,TM,TM,,,,,,TM,RTM,,TM,,,,,,,,,,,,,,,,,,,TM,,,,,,,,,,TM,,TM,,75,,TM,,,TM,,,,,,1,,,TM,TM,,,HM,,,,,,,,,,,,,RTM,,,,RTM,RTM,TM,TM,,TM,,,TM,,70,,,,,TM,,,TM,,,,,,,,,HM,1,RTM,,,1,,,,RTM,,,TM,,,,,,,,,,,TM,,81,63,1,,,,,,,66,TM,TM,TM,TM,,,,TM,,,,,TM,,
151,mew,,,,,RTM,TM,,,TM,TM,TM,,,,,,TM,RTM,,TM,,,,,HM,,,TM,,,,,,,TM,,,,TM,,,,,,TM,TM,TM,,TM,,TM,,,,TM,,,TM,,,,HM,,,,,TM,TM,RTM,TM,HM,,,,,,,,,,,,TM,RTM,,,,RTM,20,30,TM,,TM,1,,TM,RTM,,,,,,TM,,,TM,,,,TM,,,,,HM,1,RTM,,,TM,TM,,,RTM,,10,TM,,TM,,,,,,,,,TM,,,,,TM,,,,,,40,TM,TM,TM,TM,TM,,,TM,,,,HM,TM,,