,bulbasaur,ivysaur,venusaur,charmander,charmeleon,charizard,squirtle,wartortle,blastoise,caterpie,metapod,butterfree,weedle,kakuna,beedrill,pidgey,pidgeotto,pidgeot,rattata,raticate,spearow,fearow,ekans,arbok,pikachu,raichu,sandshrew,sandslash,nidoran_f,nidorina,nidoqueen,nidoran_m,nidorino,nidoking,clefairy,clefable,vulpix,ninetales,jigglypuff,wigglytuff,zubat,golbat,oddish,gloom,vileplume,paras,parasect,venonat,venomoth,diglett,dugtrio,meowth,persian,psyduck,golduck,mankey,primeape,growlithe,arcanine,poliwag,poliwhirl,poliwrath,abra,kadabra,alakazam,machop,machoke,machamp,bellsprout,weepinbell,victreebel,tentacool,tentacruel,geodude,graveler,golem,ponyta,rapidash,slowpoke,slowbro,magnemite,magneton,farfetchd,doduo,dodrio,seel,dewgong,grimer,muk,shellder,cloyster,gastly,haunter,gengar,onix,drowzee,hypno,krabby,kingler,voltorb,electrode,exeggcute,exeggcutor,cubone,marowak,hitmonlee,hitmonchan,lickitung,koffing,weezing,rhyhorn,rhydon,chansey,tangela,kangaskhan,horsea,seadra,goldeen,seaking,staryu,starmie,mr. mime,scyther,jynx,electabuzz,magmar,pinsir,tauros,magikarp,gyarados,lapras,ditto,eevee,vaporeon,jolteon,flareon,porygon,omanyte,omastar,kabuto,kabutops,aerodactyl,snorlax,articuno,zapdos,moltres,dratini,dragonair,dragonite,mewtwo,mew
bulbasaur,-,-7,-6,-3,-1,-1,1,4,4,5,5,-3,7,9,-6,-5,-3,-3,4,-3,5,-5,6,-5,4,-5,1,-3,7,-7,-5,-7,-5,-5,5,-5,-1,-1,3,-3,-5,-3,-8,-6,-5,-5,-4,-5,-3,2,-3,-3,-3,2,4,4,-3,-3,-1,2,4,-3,6,-1,-1,3,-5,-3,-6,-5,-5,-5,-5,1,1,-1,-3,-3,3,3,6,-7,-3,-3,-3,-3,-1,-4,-3,1,-1,-1,-1,-1,2,-4,-3,2,2,4,6,7,-5,1,4,2,4,5,-6,-3,1,1,-5,-7,-3,2,4,2,4,2,4,-3,-3,-1,6,-1,-3,-3,2,-3,-1,4,4,-3,-5,-1,5,1,2,2,2,-3,-2,-1,-5,-1,-7,-5,-3,-1,-5
ivysaur,7,-,-7,-3,-3,-1,1,1,4,3,3,-5,5,7,-7,5,-5,-5,2,4,4,-5,5,-7,4,6,1,2,5,7,-5,5,-7,6,3,6,-3,-1,3,-4,-6,-3,9,-8,-8,-6,-6,-8,-5,2,2,-3,-3,1,4,4,4,-3,-1,2,2,4,4,-3,-3,3,3,5,7,-6,-5,6,-5,1,1,1,-5,-5,1,3,3,6,-3,-3,-3,3,-1,-6,-4,1,-1,-3,-3,-1,2,-4,-3,1,2,4,6,7,-8,1,1,2,4,5,5,-5,1,1,-6,-9,-3,2,4,2,4,2,4,-3,-3,-1,6,-1,-3,-3,2,-5,-1,3,3,-3,6,-1,3,1,1,1,2,-3,-4,-1,-7,-2,5,-7,-5,-1,-5
venusaur,6,7,-,-4,-3,-3,1,1,3,3,3,-6,5,5,6,3,5,-5,1,4,3,6,3,8,4,4,1,1,5,5,5,5,5,4,3,5,-4,-3,3,3,5,-5,7,9,-10,7,-6,7,-5,2,2,2,4,1,4,1,4,-4,-3,2,2,1,4,-3,-3,3,3,3,5,7,-8,3,6,1,1,1,6,-5,1,3,3,5,5,3,-5,1,3,5,-6,1,1,-3,-3,-3,1,3,-4,1,1,4,4,5,-10,1,1,2,1,3,5,7,1,1,7,9,4,1,2,1,3,2,4,-3,-4,-1,4,-3,-3,4,2,6,3,3,3,3,6,-2,3,1,1,1,2,4,-4,-1,-9,-3,5,7,-5,-3,6
charmander,3,3,4,-,-3,-3,-2,-2,-1,1,1,4,1,1,2,3,4,-3,-3,-3,4,-3,3,-5,-3,-3,3,-3,3,5,-3,3,-5,-5,5,5,4,-3,3,-2,3,-5,3,3,3,1,1,1,4,-1,-1,-3,-1,-2,-1,-3,-3,3,-3,-1,-1,-1,2,-3,-3,3,3,-4,3,3,4,-1,-1,-2,-2,-2,-3,-3,-6,-4,5,-5,-4,-3,-1,5,-3,3,-4,5,-3,-3,-3,-3,-5,5,-3,-4,-3,4,6,3,5,3,-2,2,-3,5,3,-4,5,-4,5,3,-3,-2,-1,5,-5,-1,-3,-3,-3,-1,-3,-5,-1,-3,4,-1,-2,3,3,-1,-1,-3,5,-2,-2,-2,-1,-3,-2,-1,-1,-3,3,-5,-3,-3,-3
charmeleon,1,3,4,3,-,-3,-4,-2,-2,1,1,3,1,1,1,3,3,4,1,-3,2,4,3,4,4,-3,3,3,3,3,5,3,3,-5,3,5,3,-5,3,-4,3,6,1,3,3,1,1,1,4,-1,-1,-3,-3,3,-1,3,4,3,-5,-3,-3,-2,2,4,-3,3,3,4,1,3,3,-2,-1,-2,-2,-2,4,4,5,-4,3,5,3,3,-3,5,-4,3,-4,5,-4,-3,-3,-3,3,3,5,3,-6,4,6,1,3,3,3,2,3,5,3,5,5,-6,3,3,-3,-2,-1,3,5,-1,-3,-5,2,-3,-3,6,2,-3,4,-1,-2,3,3,-2,-3,4,4,-2,-2,-4,-1,-5,-4,-3,-3,-3,3,5,-5,-3,-5
charizard,1,1,3,3,3,-,3,-4,-4,1,1,1,1,1,1,1,3,3,1,3,1,4,1,3,3,-1,1,3,3,3,5,3,3,3,3,5,3,6,3,3,1,3,1,1,3,1,1,1,3,1,4,1,-3,3,-4,1,3,3,5,3,-4,-4,1,4,4,3,3,3,1,1,3,-2,-1,3,-4,-4,3,4,5,-6,3,-4,3,1,-3,3,-4,3,5,3,3,5,-6,-5,3,3,5,3,5,4,4,1,3,3,3,1,1,3,3,3,4,5,3,3,3,3,-2,3,5,3,-5,3,2,-2,-3,3,1,4,3,-2,-4,3,3,-2,-1,3,3,-4,-2,-4,-4,-5,-4,-2,-2,5,3,3,7,-5,6
squirtle,-1,-1,-1,2,4,-3,-,-5,-5,4,3,6,3,3,4,4,4,-5,4,-3,4,4,4,6,-1,-1,1,-3,3,6,4,4,6,4,5,6,4,4,3,-3,4,6,-2,-2,-1,-6,-6,4,-7,2,-3,-3,-3,-7,-5,4,-5,2,4,6,-5,-5,4,-3,-3,3,-3,-3,-2,-1,-1,-5,-3,1,1,2,2,4,-8,-6,-3,-3,-3,-3,-3,8,-5,5,-3,5,-5,-3,-3,-3,2,5,-3,-5,-5,4,6,-4,-5,1,4,2,4,5,3,-3,1,1,-7,-3,-3,-5,-5,-7,-5,-5,-7,-3,-3,-3,-1,4,-3,-3,4,-5,-5,4,4,-3,-1,-3,5,5,-3,-3,-3,4,-2,-3,-1,-3,-7,-7,-5,-3,-5
wartortle,-4,-1,-1,2,2,4,5,-,-7,1,3,6,1,2,4,3,4,5,2,4,3,4,3,4,-3,-1,1,2,3,3,4,3,4,4,3,6,2,4,3,-4,3,6,-4,-4,-2,5,-6,3,6,2,2,4,-3,7,-7,4,4,2,4,6,-7,-7,4,-5,-3,3,3,4,-4,-2,-1,-5,-5,1,1,1,2,3,7,-8,3,-3,-3,4,-3,7,-5,3,5,5,-7,-3,-3,-3,2,5,-5,3,-5,4,6,-4,-8,1,1,2,4,5,3,-5,1,1,7,-3,4,-7,-5,6,-7,-7,-9,-5,-3,-5,-1,4,-3,-3,4,-5,-5,3,3,-5,-1,4,4,5,-6,3,-3,2,-4,-5,-1,4,5,-7,-5,-3,-7
blastoise,-4,-4,-3,1,2,4,5,7,-,1,1,3,1,1,3,1,3,4,1,4,1,4,1,4,-3,-3,1,1,3,3,3,3,3,2,3,5,1,4,3,3,1,4,-4,-4,-4,5,7,3,6,2,2,2,4,5,-9,1,4,1,3,4,6,9,4,-5,-5,3,3,3,-4,-4,-4,5,-7,1,1,1,2,2,5,9,3,-4,3,1,4,7,9,3,5,3,7,-5,-5,-5,1,3,5,3,5,4,4,5,-10,1,1,2,3,3,3,3,1,1,6,-6,4,5,-7,5,9,6,10,4,4,6,-3,2,4,4,4,-7,-10,3,3,-8,-1,3,3,3,5,1,4,2,-4,-5,-1,4,5,7,-7,-5,6
caterpie,-5,-3,-3,-1,-1,-1,-4,-1,-1,-,11,-5,-7,-10,-5,-3,-3,-3,-3,-3,-5,-3,-3,-3,-2,-1,-4,-3,-7,-5,-3,-5,-5,-3,-6,-4,-1,-1,-4,-1,-3,-3,-4,-4,-3,-4,-4,-7,-3,-3,-3,-3,-1,-3,-1,-3,-3,-1,-1,-3,-3,-1,6,-2,-1,-4,-3,-3,-4,-3,-1,-1,-1,-4,-4,-3,-2,-1,-6,-4,-3,-3,-1,-3,-1,-3,-1,-2,-1,-4,-1,-1,-1,-1,-5,-4,-3,-3,-3,-7,-5,-6,-3,-6,-5,-3,-3,-4,-2,-1,-4,-4,-5,-6,-3,-1,-1,-5,-3,-1,-3,-3,-1,-1,-1,-1,-1,-2,10,-1,-1,-5,-3,-1,-1,-1,-6,-2,-1,-3,-1,-2,-2,-1,-1,-1,-5,-4,-3,-1,-3
metapod,-5,-3,-3,-1,-1,-1,-3,-3,-1,11,-,-5,-9,-11,-7,-5,-5,-3,-5,-3,-5,-5,-3,-3,-3,-1,-5,-3,-9,-7,-5,-7,-6,-5,-7,-5,-1,-1,-4,-3,-5,-3,-5,-3,-3,-6,-3,-7,-5,-4,-3,-3,-3,-3,-1,-5,-3,-1,-1,-3,-3,-1,8,-3,-3,-5,-5,-3,-3,-3,-3,-1,-1,-6,-3,-3,-3,-1,-6,-3,-3,-3,-3,-3,-3,-3,-1,-3,-1,-4,-1,-3,-1,-1,-5,-3,-3,-5,-4,-9,-7,-7,-5,-7,-5,-3,-5,-5,-3,-1,-6,-3,-6,-7,-3,-1,-1,-7,-5,-1,-3,-3,-3,-1,-1,-1,-3,-3,11,-1,-1,-7,-5,-1,-1,-1,-6,-1,-1,-3,-1,-3,-1,-1,-1,-1,-7,-5,-3,-1,-5
butterfree,3,5,6,-4,-3,-1,-6,-6,-3,5,5,-,3,3,4,5,-5,-3,-5,-3,5,-5,3,-3,-3,-1,5,-4,3,5,-5,3,5,-5,7,-6,-4,-1,-4,-4,3,-3,5,-4,-4,-6,-4,3,6,-5,-3,-3,-3,-6,-3,4,-3,-4,-1,-5,-5,-5,6,-5,-5,3,5,-4,-4,-4,-3,-3,-3,-4,-2,-2,-5,-5,-7,-6,-6,-3,-4,-3,-3,-4,-1,3,-2,5,-1,-5,-5,-3,-3,-6,-6,5,-5,8,-9,11,-6,7,-6,2,4,-6,3,-2,5,-4,-6,-10,-3,-6,-3,7,-6,-5,-6,-5,-3,-1,-3,-1,-3,-3,4,-3,-2,5,-6,-4,-1,-2,8,-4,-4,-4,-3,-3,-2,-1,-1,-1,7,-5,-3,-3,-5
weedle,-7,-5,-5,-1,-1,-1,-3,-1,-1,7,9,-3,-,9,-5,-3,-3,-3,-3,-3,-3,-3,-5,-3,-2,-1,-4,-1,-6,-5,-3,-5,-4,-3,-6,-3,-1,-1,-3,-2,-3,-3,-6,-6,-5,-4,-4,-4,-1,-3,-1,-3,-1,-3,-1,-3,-3,-1,-1,-3,-2,-1,6,-1,-1,-4,-4,-3,-5,-3,-3,-1,-1,-2,-2,-2,-1,-1,-4,-2,-4,-3,-1,-2,-1,-4,-1,-4,-3,-4,-1,-1,-1,-1,-3,-2,-1,-3,-3,-7,-5,-10,-3,-6,-4,-3,-3,-4,-4,-3,-4,-4,-4,-5,-3,-1,-1,-5,-3,-1,-3,-1,-1,-1,-1,-1,-1,-1,8,-1,-1,-6,-3,-1,-1,-1,-4,-2,-1,-3,-1,-1,-2,-1,-1,-1,-5,-3,-3,-1,-3
kakuna,-9,-7,-5,-1,-1,-1,-3,-2,-1,10,11,-3,9,-,-6,-5,-3,-3,-3,-3,-5,-3,-7,-5,-3,-1,-3,-3,-7,-7,-3,-7,-5,-5,-7,-5,-1,-1,-4,-3,-5,-3,-8,-7,-5,-6,-4,-3,-3,-3,-3,-3,-3,-3,-1,-3,-3,-1,-1,-3,-3,-1,6,-1,-1,-5,-3,-3,-5,-5,-5,-1,-1,-4,-3,-1,-3,-1,-4,-2,-3,-3,-3,-3,-3,-3,-1,-4,-3,-3,-1,-1,-1,-1,-5,-1,-1,-4,-3,-9,-7,-11,-5,-5,-5,-3,-4,-6,-5,-3,-6,-3,-5,-7,-3,-1,-1,-5,-5,-1,-3,-1,-3,-1,-1,-1,-3,-3,10,-1,-1,-6,-3,-1,-1,-1,-5,-1,-1,-3,-1,-3,-2,-1,-1,-1,-5,-5,-3,-1,-5
beedrill,6,7,-6,-2,-1,-1,-4,-4,-3,5,7,-4,5,6,-,5,-4,-3,-4,-3,4,-3,5,-5,-3,-3,-4,-4,7,-7,-3,-6,-6,-5,-6,-6,-2,-1,-4,-4,5,-3,7,-6,-6,3,-4,-6,-3,-3,-3,-3,-3,-4,-3,-4,-3,-2,-1,-3,-3,-4,4,-1,-1,-6,-4,-4,5,-6,-5,-3,-1,-4,-4,-2,-3,-3,-4,-4,-6,-6,-4,-3,-3,-5,-4,-4,-4,-6,-4,-1,-1,-1,-6,-4,-2,-4,-3,8,-7,8,-6,-6,-5,-3,-4,-6,-5,-4,-6,-4,-5,-8,-3,-4,-3,-6,-6,-3,-5,-2,-3,-2,-3,-1,-3,-3,6,-3,-4,5,-4,-3,-3,-2,-6,-4,-4,-4,-3,-3,-2,-1,-3,-1,-6,-6,-3,-1,-4
pidgey,5,-5,-3,-3,-3,-1,-4,-3,-1,3,5,-5,3,5,5,-,-5,-3,-3,-3,4,-3,5,-4,-1,-1,-4,-3,-6,-5,-3,-6,-5,-3,-6,-4,-3,-1,-4,-2,5,-5,5,-6,-6,3,3,5,-5,-3,-3,-3,-1,-4,-1,-3,-3,-3,-1,-3,-3,-3,4,-3,-3,-4,-4,-4,5,5,-3,-1,-1,-4,-4,-4,-3,-3,-6,-4,-2,-1,-2,-3,-1,-2,-1,-4,-4,-4,-1,-3,-3,-1,-5,-4,-3,-4,-3,-7,-5,7,-6,-6,-5,-3,-3,-4,-4,-3,-4,-4,-4,-7,-3,-3,-1,-5,-3,-2,-3,-3,-3,-1,-1,-1,-1,-2,6,-1,-1,5,-4,-1,-1,-1,-6,-2,-2,-4,-1,-3,-2,-1,-1,-3,-6,-4,-3,-2,-3
pidgeotto,3,5,-5,-4,-3,-3,-4,-4,-3,3,5,5,3,3,4,5,-,-5,-5,-3,3,-5,5,-5,-1,-1,-5,-4,7,-8,-5,5,-6,-5,5,-6,-4,-3,-4,-4,5,-5,5,5,7,1,3,4,6,4,-3,-3,-3,-4,-3,3,-5,-4,-3,-3,-3,-4,4,-3,-3,4,-4,-4,3,5,5,-3,-2,-6,-4,-4,-5,-4,-7,-6,-4,-4,-4,-3,-3,-4,-2,-4,-4,-4,-2,-3,-3,-3,-6,5,-4,-6,-5,6,-7,5,-6,-8,-6,-3,-5,-6,-6,-4,-6,-4,-5,7,-3,-4,-3,-6,-6,-3,-5,-4,-3,-1,-1,-3,-3,-3,6,-3,-2,5,5,-3,-1,-3,-6,-4,-4,-4,-3,-4,-2,-1,-1,-3,5,-6,-4,-3,-5
pidgeot,3,5,5,3,-4,-3,5,-5,-4,3,3,3,3,3,3,3,5,-,3,-5,3,-5,3,7,3,-1,-6,-4,5,7,-6,5,5,7,5,7,3,-3,4,-4,3,7,3,5,5,1,3,3,5,4,-5,3,-3,5,-4,3,-5,5,-3,3,-6,-6,3,4,-4,3,5,5,3,3,5,3,-3,-6,-6,-6,5,-5,7,-8,-4,-4,-4,3,-3,-4,-2,5,-6,-5,-2,-6,-5,-3,-8,5,-6,5,-6,6,8,5,7,7,-8,1,5,7,7,-6,-8,-6,5,7,-6,-4,-4,5,7,-4,-7,5,-5,-1,-2,-3,-4,-3,3,-4,-2,4,4,-4,-1,-4,5,-4,-4,-6,-4,-5,-4,-2,-1,-6,5,5,-6,-3,-7
rattata,-4,-2,-1,3,-1,-1,-4,-2,-1,3,5,5,3,3,4,3,5,-3,-,-3,3,-3,3,-3,-3,-1,-4,-2,5,5,-3,3,5,-3,5,-4,-2,-1,3,-2,3,-5,-4,-4,-2,-4,-4,5,-3,-3,-1,-3,-1,-4,-1,-2,-1,-4,-1,-3,-3,-2,2,-1,-1,-2,-2,-2,3,-2,-2,-2,-1,-2,-2,-2,-3,-3,-6,-4,-4,-4,-2,-3,-1,-4,-2,-4,-4,-4,-2,-1,-1,-1,-8,-4,-4,-4,-3,6,-5,-4,-4,-6,-4,-3,-3,-4,-4,-4,-4,-4,5,-4,-3,-2,-1,5,-4,-1,-3,-3,-1,-1,-1,-1,-1,-1,4,-1,-2,3,3,-2,-1,-2,5,-2,-2,-4,-1,-3,-2,-1,-1,-3,3,-4,-3,-1,-3
raticate,3,-4,-4,3,3,-3,3,-4,-4,3,3,3,3,3,3,3,3,5,3,-,3,4,3,5,3,-3,5,-4,3,5,-6,3,3,5,3,5,3,-3,3,-4,3,5,3,-4,-4,3,5,3,5,1,-3,3,-3,3,-4,3,-4,3,-4,3,-4,-4,1,-3,-3,3,-2,-2,3,3,-4,3,-1,-4,-4,-4,3,4,5,-6,3,5,3,3,-3,3,-4,5,-4,5,-4,-4,-4,-3,-12,3,-4,5,5,4,6,5,-6,5,-6,1,5,5,5,-6,-6,-6,3,7,-4,3,-4,3,5,3,-5,3,-3,3,-3,3,-4,-3,3,-4,-4,3,3,-4,-3,-4,4,-4,-4,-4,-4,-5,-4,-2,-4,-4,3,5,-6,-3,-5
spearow,5,-4,-3,-4,-2,-1,-4,-3,-1,5,5,-5,3,5,-4,4,-3,-3,-3,-3,-,-3,5,-3,-1,-1,-4,-2,-6,-5,-3,5,-4,-3,5,-4,-2,-1,-2,-2,5,-3,5,-5,-4,-4,-4,5,-4,-3,-2,-2,-1,-4,-1,-3,-3,-4,-1,-3,-3,-2,4,-3,-2,-4,-3,-2,-4,-4,-3,-1,-1,-4,-4,-4,-3,-3,-4,-4,-2,-1,-2,-2,-1,-2,-1,-4,-3,-2,-1,-3,-1,-1,-3,-4,-4,-4,-3,-5,-5,-6,-4,-6,-4,-2,-3,-4,-4,-4,-4,-4,-4,-6,-3,-2,-1,-4,-4,-1,-3,-3,-1,-1,-1,-1,-1,-1,6,-1,-2,-4,-4,-2,-1,-2,-4,-2,-2,-4,-1,-3,-2,-1,-1,-3,-4,-3,-3,-1,-3
fearow,5,5,-6,3,-4,-3,-4,-4,-4,3,5,5,3,3,3,3,5,5,3,-4,3,-,3,5,-2,-1,-6,-4,5,5,-6,3,5,-6,5,-6,3,-3,3,-4,3,-6,5,5,7,3,-5,5,5,3,-3,3,-3,-4,-4,3,-4,-4,-4,3,-4,-4,1,-3,-3,5,-4,-4,3,5,-6,3,-3,-6,-6,-4,4,-5,7,-6,-4,-4,-4,3,-3,-4,-2,5,-4,-4,-2,-4,-4,-3,-8,5,-4,5,-6,4,6,7,-6,7,-6,3,5,-6,5,-5,-6,-6,5,-8,-4,-4,-4,5,-6,3,-5,5,-3,-2,-1,-4,-4,-3,3,-4,-2,3,3,-4,-1,-4,5,-4,-4,-5,-4,-5,-3,-2,-2,-4,3,5,-5,-3,-5
ekans,-6,-5,-3,-3,-3,-1,-4,-3,-1,3,3,-3,5,7,-5,-5,-5,-3,-3,-3,5,-3,-,-5,-3,-1,-4,-3,-8,-7,-3,7,-5,-5,7,-5,-3,-1,-4,-2,6,-5,7,-6,-6,1,3,-6,-3,-1,-1,-3,-1,-3,-1,-3,-3,-3,-1,-3,-3,-3,4,-1,-1,-6,-4,-3,-6,-5,-3,-1,-1,-2,-2,-2,-3,-3,-4,-4,-6,-3,-3,-3,-1,-4,-1,7,-6,-6,-1,-1,-1,-1,-7,-2,-1,-4,-3,8,-7,5,-5,-4,-2,-3,-3,-6,8,-5,-6,-4,-6,-7,-3,-3,-1,-5,-5,-3,-3,-1,-3,-1,-3,-1,-1,-3,6,-1,-1,5,-3,-1,-1,-1,-6,-2,-1,-3,-1,-3,-2,-1,-1,-3,-6,-5,-3,-1,-3
arbok,5,7,-7,5,-3,-3,-6,-4,-4,3,3,3,3,5,5,4,5,-7,3,-5,3,-5,5,-,4,-3,-6,-4,7,9,-6,5,7,-7,5,7,-4,-3,5,-4,5,-7,5,7,-8,1,3,7,-5,-3,-1,-5,-3,5,-3,5,-5,5,-3,-5,-5,-4,4,-3,-1,7,-6,-6,5,7,-8,-4,-3,-2,-2,-2,-5,-5,-6,-4,5,-6,-4,-4,-3,-6,-4,7,9,7,-4,-1,-1,-1,-12,-4,-4,-6,-6,6,8,5,5,-6,-4,4,-6,-8,7,9,-8,-6,5,5,-5,-4,-3,7,-8,-3,-7,-3,-3,-3,-3,-3,-3,-3,6,-3,-4,5,5,-4,-3,-4,7,-4,-4,-6,-3,-5,-4,-3,-3,-5,5,7,-5,-1,-5
pikachu,-4,-4,-4,3,-4,-3,1,3,3,2,3,3,2,3,3,1,1,-3,3,-3,1,2,3,-4,-,-3,-4,-2,3,5,-4,3,3,-4,4,-4,3,-1,3,-2,1,-3,-4,-4,-4,-4,-4,3,-5,-1,-1,-3,-1,1,3,3,-3,3,-3,2,2,3,4,-3,-3,3,3,-2,-4,-4,-4,-2,-1,-2,-2,-2,-3,-3,1,3,7,-6,1,1,-1,3,3,3,-4,1,3,-4,-3,-3,-8,5,-4,1,1,-7,-5,-6,-4,-4,-2,1,3,-4,3,-4,-4,-4,-6,-6,-3,1,-2,1,3,1,-3,-3,-1,-1,-5,-3,-2,-1,1,1,-4,3,3,-2,-3,-2,4,3,-2,1,-2,3,-2,-2,-3,-3,-6,-4,-4,-3,-3
raichu,5,-6,-4,3,3,2,1,1,3,1,1,1,1,1,3,1,1,1,1,3,1,2,1,3,3,-,-6,-4,3,3,-6,1,3,-6,3,4,3,-3,3,3,1,1,5,-6,-6,5,-6,3,3,-2,-1,1,-3,1,1,1,3,3,5,1,1,1,3,4,-5,2,3,3,5,5,-4,1,-3,-2,-2,-2,3,4,1,3,5,9,1,1,2,1,3,3,3,1,1,3,-6,-3,-12,3,5,1,1,6,8,5,-6,-4,-4,1,1,3,3,3,-6,-6,5,9,3,1,1,1,1,1,2,3,2,3,6,3,3,-3,1,1,3,3,3,3,-5,-4,3,1,3,1,1,2,-4,3,5,3,5,7,5,-5,-5
sandshrew,-1,-1,-1,-3,-3,-1,-1,-1,-1,4,5,-5,4,3,4,4,5,6,4,-5,4,6,4,6,4,6,-,-3,6,6,-7,4,6,-7,5,6,-3,-1,3,-3,4,6,-2,-1,-1,3,5,6,-5,2,-3,4,-3,-1,-1,4,-5,-3,-1,-1,-1,-1,2,-3,-3,4,-5,-3,-1,-1,-1,-1,-1,-4,-4,-3,-5,-5,-4,-4,6,8,-3,4,-3,-1,-1,5,8,-3,-1,-3,-3,-1,-13,-3,-3,6,-5,4,6,-3,-7,7,-7,4,6,7,5,8,-8,-5,6,-3,-5,-1,-1,6,6,-1,-1,-3,-3,-1,6,-1,-3,-3,4,-1,-1,4,4,-1,6,-1,6,-2,-1,-1,-1,-5,-4,-1,7,-5,4,6,-5,-3,-7
sandslash,3,-2,-1,4,-3,-3,3,-2,-1,3,3,4,1,3,4,3,4,4,2,4,2,4,3,4,2,4,3,-,3,3,6,3,4,6,3,5,-3,-3,3,3,3,4,3,3,-2,3,3,3,4,2,4,4,4,3,-1,4,4,3,-3,-3,-3,-1,2,2,-3,3,3,5,3,-2,-1,-1,-1,-6,-6,-6,4,4,5,-4,3,6,3,4,4,3,-1,3,5,3,-1,-3,-3,-3,12,3,-5,3,6,4,4,3,5,5,5,2,4,5,3,5,9,-8,3,-4,6,-2,-1,3,4,-1,-3,4,-5,-1,4,-3,-5,4,4,-1,-2,3,3,-1,4,-3,3,-2,-2,-4,-1,7,-4,-1,6,6,3,4,6,-3,6
nidoran_f,-7,-5,-5,-3,-3,-3,-3,-3,-3,7,9,-3,6,7,-7,6,-7,-5,-5,-3,6,-5,8,-7,-3,-3,-6,-3,-,-7,-5,-7,-7,-5,8,-5,-3,-1,-4,-3,8,-7,-8,-8,-5,5,-4,-5,-3,-1,-1,-3,-3,-3,-3,-5,-3,-3,-3,-3,-3,-3,4,-1,-1,-6,-5,-3,7,-5,-5,-3,-1,-2,-2,-1,-5,-5,-4,-4,-5,-5,-3,-3,-3,-5,-3,9,-7,-6,-3,-1,-1,-1,-9,-3,-1,-5,-5,10,-7,-10,-5,-4,-3,-3,-5,-6,9,-7,-6,-4,-7,-9,-3,-3,-3,-7,-5,-3,-5,-1,-3,-1,-3,-3,-3,-3,8,-1,-3,-7,-5,-1,-1,-1,-8,-4,-1,-3,-3,-3,-2,-1,-1,-3,-7,-5,-3,-1,-5
nidorina,7,-7,-5,-5,-3,-3,-6,-3,-3,5,7,-5,5,7,7,6,8,-7,-5,-5,5,-5,7,-9,-5,-3,-6,-3,7,-,-5,7,-9,-7,7,-7,-3,-3,5,-4,5,-9,7,9,-8,3,5,7,-3,-3,-1,-5,-3,-6,-3,6,-5,-5,-3,-5,-5,-3,4,-3,-1,-8,-6,-6,7,-8,-5,-3,-3,-2,-2,-2,6,-5,-6,-4,7,-5,-3,-5,-3,-6,-3,7,-10,-8,-3,-1,-1,-1,-13,-4,-3,-8,-5,8,10,11,-8,-6,-4,4,-7,-8,8,-9,-8,-6,7,-11,-5,-3,-3,8,-7,-3,-5,-3,-3,-3,-3,-3,-3,-3,6,-3,-3,6,6,-3,-3,-3,8,-4,-4,-6,-3,-5,-4,-1,-3,-5,7,-7,-5,-1,-7
nidoqueen,5,5,-5,3,-5,-5,-4,-4,-3,3,5,5,3,3,3,3,5,6,3,6,3,6,3,6,4,6,7,-6,5,5,-,3,5,8,5,7,3,-3,3,5,3,8,5,5,-6,3,5,5,-5,-3,-3,4,-5,-4,-3,3,6,5,-5,-3,-3,-4,2,-3,-3,5,7,7,3,5,-6,-2,-1,-4,-4,-2,4,6,7,-6,5,7,5,3,-5,-4,-2,5,7,5,-4,-3,-3,-3,17,-4,-4,5,7,4,6,7,9,-6,-6,4,6,7,5,7,-10,-8,5,9,-5,-4,-1,5,7,-3,-5,-3,-5,-1,6,-5,-5,-5,4,-1,-2,3,4,-2,6,-4,5,-4,-2,-4,-3,-7,-4,-1,8,-7,3,5,-7,-3,-9
nidoran_m,7,-5,-5,-3,-3,-3,-4,-3,-3,5,7,-3,6,7,6,6,-5,-5,-3,-3,5,-3,-7,-5,-3,-1,-4,-3,7,-7,-3,-,-5,-5,7,-5,-3,-1,-4,-4,6,-5,7,-6,-5,5,-4,-6,-3,-1,-1,-3,-1,-3,-3,-3,-3,-3,-3,-3,-3,-3,4,-1,-1,-6,-4,-3,5,-5,-5,-1,-1,-2,-2,-2,-3,-3,-4,-4,-6,-3,-3,-3,-1,-4,-1,7,-5,-6,-3,-1,-1,-1,-7,-2,-1,-3,-3,8,-7,-10,-5,-4,-2,-3,-3,-6,7,-5,-6,-4,-5,-7,-3,-3,-1,-5,-5,-3,-5,-1,-3,-1,-3,-3,-1,-3,6,-1,-1,5,-3,-1,-1,-1,-6,-4,-1,-3,-3,-3,-2,-1,-1,-3,-5,-5,-3,-1,-3
nidorino,5,7,-5,-5,-3,-3,-6,-4,-3,5,6,-5,4,5,6,5,6,-5,-5,-3,4,-5,5,-7,-3,-3,-6,-3,7,9,-5,5,-,-5,6,-8,-3,-3,-4,-4,5,-7,7,-8,-8,3,5,7,-3,-1,-1,-3,-3,-6,-3,-5,-5,5,-3,-5,-3,-3,4,-1,-1,7,-6,-4,5,7,-5,-3,-3,-2,-2,-2,-5,-5,-6,-4,7,-5,-4,-3,-3,-6,-3,7,-8,-8,-3,-1,-1,-1,-11,-4,-3,-6,-5,6,-9,9,-6,-4,-4,-3,-5,-6,7,-8,-6,-6,7,-10,-3,-4,-3,7,-5,-3,-5,-3,-3,-3,-3,-3,-3,-3,6,-3,-4,5,5,-3,-3,-3,7,-4,-4,-4,-3,-5,-4,-1,-3,-3,5,-7,-5,-1,-5
nidoking,5,-6,-4,5,5,-3,-4,-4,-2,3,5,5,3,5,5,3,5,-7,3,-5,3,6,5,7,4,6,7,-6,5,7,-8,5,5,-,5,7,3,-3,4,-4,3,8,5,-6,-6,3,5,5,-5,-3,-1,4,-3,-4,-3,3,-5,5,-5,-3,-3,-4,4,-3,-3,5,7,-6,5,5,-4,-2,-1,-4,-2,-2,5,6,7,-6,5,7,5,5,-3,-4,-2,5,7,-6,-4,-4,-3,-1,-16,-4,-4,7,-8,6,8,7,9,-6,-4,3,7,9,6,8,-10,-6,5,9,-5,-4,-1,5,7,-3,-3,-3,-5,-1,6,-3,-3,-5,3,-2,-2,5,5,-2,6,-4,6,-4,-2,-4,-4,-5,-4,-1,8,-5,5,7,-8,-3,-7
clefairy,-5,-3,-3,-5,-3,-3,-5,-3,-3,6,7,-7,6,7,6,6,-5,-5,-5,-3,5,-5,-7,-5,-4,-3,-5,-3,8,-7,-5,-7,-6,-5,-,-5,-3,-3,-4,-3,6,-5,-6,-5,-3,-6,-4,8,-7,-3,-3,-3,-3,-5,-3,-3,-3,-5,-3,-5,-5,-3,4,-4,-3,-3,-1,-1,-5,-3,-3,-3,-3,-4,-3,-3,-5,-4,-7,-8,-6,-5,-3,-3,-3,-5,-3,-5,-3,-7,-3,-5,-3,-3,-9,-5,-5,-5,-5,8,-7,-6,-5,-7,-5,-3,-5,-6,-5,-3,-6,-3,-5,-7,-3,-3,-3,-6,-5,-3,-5,-5,-3,-3,-3,-3,-3,-3,6,-3,-3,6,-5,-3,-3,-3,-6,-3,-3,-3,-3,-3,-2,-3,-3,-3,-6,-5,-5,-3,-5
clefable,5,-5,-5,-5,-5,-5,-6,-6,-5,4,5,6,3,5,6,4,6,-7,4,-5,4,6,5,-7,4,-4,-6,-5,5,7,-7,5,8,-7,5,-,-5,-3,5,-4,5,8,5,-6,-6,5,-6,5,8,4,-3,-5,-3,5,-5,-4,-3,-5,-5,6,-5,-5,4,4,-5,-4,-4,-4,5,-6,-4,-3,-3,-6,-4,-4,6,-5,9,-8,5,-7,-4,-5,-3,7,-4,-6,-6,7,-5,-7,-5,-5,-15,5,-6,7,-6,6,8,7,-8,9,-8,4,-7,-8,7,-5,-8,-8,5,-9,-5,-5,-4,6,-7,-5,-7,6,-4,-3,-5,-4,-3,-4,5,-3,-4,5,5,-3,-3,-3,7,-6,-4,-6,-5,-5,-4,-3,-3,-5,5,-7,-5,-5,-7
vulpix,1,3,4,-3,-3,-3,-4,-2,-1,1,1,4,1,1,2,3,4,-3,2,-3,2,-3,3,4,-3,-3,3,-3,3,3,-3,3,4,-3,3,5,-,-5,3,-2,3,-5,1,3,3,1,1,1,4,-1,-1,-3,-1,-2,-1,-3,-3,5,-3,-3,-1,-1,4,-3,-3,3,3,3,1,3,-3,-1,-1,-2,-2,-2,-3,-3,-6,-4,3,-5,-2,-3,-1,-6,-3,3,-4,5,-3,-3,-3,-3,-5,5,-5,3,-3,4,6,1,3,3,-2,2,-3,5,3,-4,-4,-4,-5,3,-3,-2,-1,5,-5,-1,-3,-5,-1,-3,-3,-5,-1,-3,4,-1,-2,3,3,-1,-3,-3,4,-2,-2,-4,-1,-3,-2,-1,-3,-3,5,-5,-3,-3,-3
ninetales,1,1,3,3,5,-5,-4,-4,-4,1,1,1,1,1,1,1,3,3,1,3,1,4,1,3,1,4,1,3,1,3,3,1,3,3,3,3,5,-,2,3,1,3,1,1,3,1,1,1,1,1,-1,1,-3,-4,-4,1,3,4,6,3,-4,-4,3,4,-5,1,3,3,1,1,3,-2,-1,3,-2,-2,5,-5,5,-6,3,3,3,1,-3,5,5,3,3,3,3,3,5,-5,3,3,5,3,5,4,4,1,3,1,3,1,1,3,3,3,3,5,-6,1,3,-4,-4,5,7,-4,-5,3,2,1,4,7,1,-3,2,-4,-4,2,3,-2,-5,-6,3,-4,-2,-4,-4,-5,4,3,-4,-6,3,5,-6,-5,6
jigglypuff,-3,-3,-3,-3,-3,-3,-3,-3,-3,4,4,4,3,4,4,4,4,4,-3,-3,2,-3,4,-5,-3,-3,-3,-3,4,-5,-3,4,4,-4,4,-5,-3,-2,-,-2,4,-5,-3,-3,-3,4,-3,4,-5,2,-2,-3,-2,-3,-3,-3,-1,-3,-3,-3,-3,-3,2,-3,-3,-1,-1,-1,-3,-3,-3,-2,-1,-3,-3,-1,-3,-3,5,-5,4,-4,-3,-3,-2,4,-3,-3,-3,-5,-3,-3,-3,-3,-7,4,-3,-3,-3,4,-5,-5,-5,-5,-4,2,-3,-5,-4,-3,-5,-3,4,-5,-3,-3,-3,4,-4,-3,-5,-3,-3,-2,-3,-3,-2,-3,4,-3,-3,4,-3,-2,-2,-2,4,-3,-3,-3,-3,-3,-1,-1,-2,-3,4,-5,-3,-3,-3
wigglytuff,4,4,-3,2,4,-3,3,4,-3,2,3,4,2,3,4,2,4,4,2,4,2,4,2,4,2,-3,3,-3,3,4,-5,4,4,4,3,4,2,-3,2,-,2,4,3,3,-5,3,3,4,4,2,-3,2,-3,4,-3,2,-3,4,-3,2,4,-5,2,2,4,3,-3,-2,1,4,-3,2,-3,-4,-4,-3,3,4,3,5,4,4,-3,2,-3,4,-3,3,-5,3,-3,-5,-5,-5,10,3,4,4,-5,4,4,3,6,3,6,2,4,5,3,-5,7,-6,4,6,-4,4,-3,4,4,4,4,4,-3,-3,4,-3,-3,-3,2,-3,-3,3,3,-3,-3,-3,3,-4,-3,-5,-3,-5,-4,-3,-3,-5,4,4,-5,-4,-5
zubat,5,6,-5,-3,-3,-1,-4,-3,-1,3,5,-3,3,5,5,-5,-5,-3,-3,-3,-5,-3,-5,-5,-1,-1,-4,-3,-8,-5,-3,-6,-5,-3,-6,-5,-3,-1,-4,-2,-,-5,5,5,-6,3,3,5,-3,-3,-3,-3,-1,-3,-3,-3,-3,-3,-3,-3,-3,-3,4,-1,-1,5,-4,-3,5,-5,-3,-1,-1,-4,-4,-4,-3,-3,-4,-4,-4,-1,-1,-3,-1,-2,-1,-6,-6,-4,-1,-1,-1,-1,-5,-2,-1,-4,-3,-7,-5,6,-3,-6,-6,-3,-3,-4,-8,-5,-4,-4,-6,-7,-3,-3,-1,-5,-3,-3,-3,-1,-1,-1,-1,-1,-1,-1,7,-1,-1,-6,-3,-1,-1,-1,-6,-4,-1,-3,-1,-3,-2,-1,-1,-3,-6,-5,-3,-1,-3
golbat,3,3,5,5,-6,-3,-6,-6,-4,3,3,3,3,3,3,5,5,-7,5,-5,3,6,5,7,-3,-1,-6,-4,7,9,-8,5,7,-8,5,8,5,-3,5,-4,5,-,3,4,5,1,3,3,-5,4,-5,-5,-3,5,-4,3,-5,5,-3,6,-5,-6,4,-3,-3,3,5,5,3,3,5,-4,-3,-6,-6,-6,6,-5,-8,-4,5,-4,-4,5,-3,-4,-2,7,9,-6,-2,-4,-3,-1,-8,-4,-4,7,-6,6,8,5,7,9,-10,1,5,-8,7,9,-8,-6,6,7,-5,-6,-4,7,-8,5,-7,-3,-3,-1,-3,-3,-4,-3,5,-4,-2,5,5,-4,-1,-4,7,-4,-4,-6,-4,-5,-4,-2,-1,-5,5,7,-6,-3,-7
oddish,8,9,-7,-3,-1,-1,2,4,4,4,6,-5,6,8,-7,-5,-5,-3,4,-3,-5,-5,-7,-5,4,-5,2,-3,8,-7,-5,-7,-7,-5,6,-5,-1,-1,3,-3,-5,-3,-,-7,-7,3,-3,-7,-5,2,-3,-3,-3,2,4,4,-3,-3,-1,2,4,4,4,-3,-1,4,-5,-3,-7,-5,-5,-5,-5,1,2,2,-5,-3,3,-3,6,-7,-3,-3,-3,-3,-1,-6,-3,2,-1,-1,-1,-1,2,-3,-3,2,-3,4,6,6,-5,2,4,2,4,-5,-5,-3,1,2,-7,8,-3,4,4,2,4,4,4,-3,-3,-1,-7,-1,-3,-3,2,-3,-1,4,4,-3,-5,-1,6,2,2,2,2,-3,-1,-1,-5,-1,-7,-5,-3,-1,-5
gloom,6,8,-9,-3,-3,-1,2,4,4,4,3,4,6,7,6,6,-5,-5,4,4,5,-5,6,-7,4,6,2,-3,8,-9,-5,6,8,6,5,6,-3,-1,3,-3,-5,-4,7,-,-9,1,3,8,-5,2,2,4,-3,2,4,4,-5,-3,-1,2,2,4,4,-3,-3,3,-5,-5,6,-7,-7,6,-5,1,1,2,-5,-5,3,3,6,8,-3,-3,-3,-3,-1,-6,-5,2,-1,-3,-3,-1,2,-3,-3,2,2,4,6,6,-7,1,2,2,4,5,7,-5,1,2,8,8,-5,2,4,2,4,2,4,-3,-3,-1,6,-1,-3,-3,2,-5,-1,4,4,-3,-7,-1,6,1,2,2,2,-3,-4,-1,-7,-3,8,-7,-5,-3,-5
vileplume,5,8,10,-3,-3,-3,1,2,4,3,3,4,5,5,6,6,-7,-5,2,4,4,7,6,8,4,6,1,2,5,8,6,6,8,6,3,6,-3,-3,3,5,6,-5,7,9,-,1,3,7,-7,2,2,4,-3,2,4,4,4,-3,-3,2,2,4,4,-3,-3,3,3,-5,5,8,-9,6,-7,1,1,1,-7,-5,1,3,3,6,-5,-5,-3,3,-3,7,-5,1,-3,-3,-3,-3,2,5,-3,2,2,4,6,5,6,1,1,2,4,5,7,-5,1,1,8,6,4,2,4,2,4,2,4,-3,-5,-1,6,-3,-3,4,2,-7,-3,3,4,-5,6,-3,4,1,2,2,2,-5,-4,-1,-7,-3,6,8,-7,-3,-7
paras,5,6,-7,-1,-1,-1,6,-5,-5,4,6,6,4,6,-3,-3,-1,-1,4,-3,4,-3,-1,-1,4,-5,-3,-3,-5,-3,-3,-5,-3,-3,6,-5,-1,-1,4,-3,-3,-1,-3,-1,-1,-,-3,6,-7,-3,-3,-3,-3,6,-5,4,-3,-1,-1,4,-5,-3,3,-3,-3,-5,-5,-3,-1,-1,-1,-3,-1,-4,-3,-3,-1,-1,7,-5,6,-7,-3,-3,-3,-3,-1,-1,-1,-3,-1,-3,-3,-3,-5,-5,-3,-5,-3,6,-7,7,-5,-7,-5,-3,-5,-5,-1,-1,-5,-3,6,-7,-3,-5,-5,6,-5,-5,-5,-3,-1,-1,-5,-1,-3,-3,4,-3,-1,5,4,-3,-5,-1,-5,-5,-3,-3,-3,-1,-1,-1,-3,-1,6,-5,-3,-3,-5
parasect,4,6,6,-1,-1,-1,6,6,-7,4,4,4,4,4,4,-3,-3,-3,4,-5,4,5,-3,-3,4,6,-5,-3,4,-5,-5,4,-5,-5,4,6,-1,-1,3,-3,-3,-3,-3,-3,-3,3,-,4,6,2,4,4,-3,4,-7,4,-5,-1,-1,4,6,-7,2,4,4,6,6,-5,-3,-3,-1,-3,-3,-6,-5,-5,-3,-3,5,-7,4,6,-3,4,-3,-3,-1,-2,-1,-5,-1,-5,-5,-3,-7,4,-5,6,-5,4,6,6,-7,6,-7,2,6,-7,-1,-1,-8,-5,4,8,-5,4,6,4,6,4,6,-5,-1,-1,6,-1,-3,-3,4,-5,-1,4,4,-3,6,-1,6,-7,-5,-5,-3,-1,-3,-1,-7,-1,4,6,-5,-3,-7
venonat,6,8,-7,-1,-1,-1,-4,-3,-3,7,7,-3,4,3,6,-5,-4,-3,-5,-3,-5,-5,6,-7,-3,-3,-6,-3,5,-7,-5,6,-7,-5,-8,-5,-1,-1,-4,-3,-5,-3,7,-8,-7,-6,-4,-,-3,-3,-3,-3,-3,-3,-3,-5,-3,-1,-1,-3,-3,-3,5,-1,-1,5,-5,-3,7,-7,-5,-2,-1,-4,-4,-3,-3,-3,-4,-4,-5,-4,-3,-3,-3,-3,-3,-6,-3,-6,-3,-1,-1,-1,-5,-3,-1,-5,-5,-9,-7,-10,-5,-8,-5,-3,-5,-6,5,-3,-6,-4,-5,-7,-3,-3,-3,-6,-5,-3,-5,-1,-3,-1,-3,-1,-3,-3,6,-2,-3,-7,-5,-1,-2,-1,-6,-4,-1,-3,-3,-3,-2,-1,-1,-1,-6,-5,-3,-1,-5
venomoth,3,5,5,-4,-4,-3,7,-6,-6,3,5,-6,1,3,3,5,-6,-5,3,-5,4,-5,3,5,-5,-3,5,-4,3,3,5,3,3,5,7,-8,-4,-1,5,-4,3,-5,5,5,7,7,-6,3,-,-3,-3,-3,-3,7,-6,3,-5,-4,-3,6,-5,5,4,-3,-3,3,3,5,5,5,7,-4,-3,-4,-4,-4,-5,-5,-6,-5,7,-8,-4,-4,-3,-8,-4,3,5,5,-6,-4,-3,-3,5,-4,-4,3,-6,8,-9,9,-6,5,-6,1,3,-8,3,5,5,-6,-6,11,-5,-6,-4,7,-8,-6,-7,-3,-3,-3,-5,-2,-4,-3,3,-4,-6,5,6,-4,-3,-2,7,-6,-4,5,-4,-3,-4,-4,-3,-3,7,-8,-6,-3,-5
diglett,-2,-2,-2,1,1,-1,-2,-2,-2,3,4,5,3,3,3,3,4,-4,3,-1,3,-3,1,3,1,2,-2,-2,1,3,3,1,1,3,3,-4,1,-1,-2,-2,3,-4,-2,-2,-2,3,-2,3,3,-,-1,-2,-1,-2,-2,3,-1,1,-1,-2,-2,-2,1,-3,-1,-2,-2,-2,-2,-2,-2,1,-1,-2,-2,-2,1,-1,-4,-4,1,3,-2,-2,-1,-2,-2,1,3,-2,-2,1,-1,-1,3,3,-4,3,-2,2,-3,-2,-4,-4,-4,1,-4,-4,3,3,3,-2,3,-2,-2,-2,-2,3,-4,-2,-1,3,-1,-1,2,1,-2,-1,3,-2,-2,3,3,-2,2,1,3,-2,-2,1,-2,-1,-2,-2,-3,-2,3,3,-2,-1,-3
dugtrio,3,-2,-2,1,1,-4,3,-2,-2,3,3,3,1,3,3,3,3,5,1,3,2,3,1,1,1,1,3,-4,1,1,3,1,1,1,3,3,1,1,2,3,3,5,3,-2,-2,3,-4,3,3,1,-,1,3,3,-2,1,3,1,3,1,-2,-2,1,1,-3,3,3,3,1,-2,-2,1,1,1,3,-2,1,1,3,-4,1,1,3,3,-4,3,-2,1,3,3,-2,1,1,1,3,3,3,3,-4,1,2,-4,-6,3,5,1,3,3,1,3,3,3,3,-4,-4,-2,-2,3,3,-2,3,3,-4,-2,1,1,-2,3,1,-2,-2,3,3,-2,2,1,3,1,-2,1,-2,-3,-2,-2,5,-4,3,3,-4,-3,-4
meowth,3,3,-2,3,3,-1,3,-4,-2,3,3,3,3,3,3,3,3,-3,3,-3,2,-3,3,5,-3,-1,-4,-4,3,5,-4,3,3,-4,3,5,3,-1,3,-2,3,-5,3,-4,-4,3,-4,3,4,2,-1,-,-1,3,-4,3,-1,3,-3,-3,-3,-4,2,-3,-3,-2,-2,-2,3,3,-2,-2,-1,-4,-2,-2,-3,-3,5,-6,3,-4,-2,3,-1,3,-2,3,-4,5,-4,-4,-3,-1,-8,3,-4,3,-4,4,-5,5,-4,5,-4,1,-4,-4,-4,-4,-4,-4,3,-6,-3,3,-2,3,-4,3,-3,-3,-1,-1,-3,-1,-2,-1,3,-2,-2,3,3,-2,-1,-2,3,-4,-2,-4,-2,-3,-2,-2,-1,-3,3,3,-4,-3,-3
persian,3,3,-4,1,3,3,3,3,-4,1,3,3,1,3,3,1,3,3,1,3,1,3,1,3,1,3,3,-4,3,3,5,1,3,3,3,3,1,3,2,3,1,3,3,3,3,3,3,3,3,1,-3,1,-,3,3,1,3,3,-4,1,3,-4,1,1,-3,3,3,-2,1,3,3,1,3,-4,-4,-4,3,3,3,5,3,3,3,1,3,3,-4,3,-4,3,-4,-6,-4,-4,9,3,3,3,5,3,4,3,5,3,5,1,3,3,3,5,7,-6,3,5,-4,3,3,3,3,3,4,3,3,3,3,3,-4,3,1,-4,-4,3,3,-4,-3,3,3,-4,-4,5,-4,-5,-4,-4,-4,5,3,3,5,-3,5
psyduck,-2,-1,-1,2,-3,-3,7,-7,-5,3,3,6,3,3,4,4,4,-5,4,-3,4,4,4,-5,-1,-1,1,-3,3,6,4,3,6,4,5,-5,2,4,3,-4,4,-5,-2,-2,-2,-6,-4,3,-7,2,-3,-3,-3,-,-5,4,-3,2,-3,-5,-5,-5,5,-3,-3,3,3,-3,-2,-1,-1,-5,-3,1,1,1,2,-3,-8,-6,-4,-3,-3,-3,-3,8,-5,3,-4,5,-5,-3,-3,-3,2,5,-3,5,-3,4,6,-4,-5,1,1,2,4,5,3,-3,1,1,-6,-3,-3,-5,-5,-7,-5,-5,-5,-5,-3,-3,-1,4,-3,-3,4,-3,-5,3,4,-5,-1,-3,5,5,-5,-3,-3,3,-2,-3,-1,-3,7,-5,-3,-3,-5
golduck,-4,-4,-4,1,1,4,5,7,9,1,1,3,1,1,3,1,3,4,1,4,1,4,1,3,-3,-1,1,1,3,3,3,3,3,4,3,5,1,4,3,3,3,4,-4,-4,-4,5,7,3,6,2,2,4,-3,5,-,1,4,1,3,6,6,5,4,-5,-5,3,3,3,-4,-4,-4,5,-7,1,1,1,2,2,5,9,3,-4,3,1,-3,7,-8,3,5,3,7,5,-5,-5,1,5,5,3,5,4,4,-6,-10,1,1,1,3,3,3,5,1,1,7,-6,4,5,-7,5,9,6,-9,4,4,6,-3,4,-3,4,3,-8,-8,3,3,-6,-1,3,3,3,5,3,3,2,-4,-5,-1,4,5,7,-8,-5,6
mankey,-4,-4,-1,3,-3,-1,-4,-4,-1,3,5,-3,3,3,4,3,-3,-3,2,-3,4,-3,3,-5,-3,-1,-4,-4,5,-6,-3,3,5,-3,3,4,3,-1,3,-2,3,-3,-4,-4,-4,-4,-4,5,-3,-3,-1,-3,-1,-4,-1,-,-3,-4,-1,-3,-3,-3,2,-1,-1,4,-4,-4,3,-4,-1,-1,-1,3,-2,-2,-3,-3,-4,-2,5,-3,-2,-3,-1,-4,-1,-4,-4,5,-1,-1,-1,-1,6,-2,-2,-4,-3,6,-5,-6,-4,-6,-4,-3,-3,-4,-4,-4,-4,-4,3,-6,-3,-4,-1,5,-4,-3,-3,-1,-1,-1,-3,-1,-1,-1,4,-1,-2,3,3,-2,-1,-2,3,-2,-2,3,-1,-1,-2,-1,-1,-1,3,-5,-3,-1,-3
primeape,3,-4,-4,3,-4,-3,5,-4,-4,3,3,3,3,3,3,3,5,5,1,4,3,4,3,5,3,-3,5,-4,3,5,-6,3,5,5,3,3,3,-3,1,3,3,5,3,5,-4,3,5,3,5,2,-3,1,-3,3,-4,3,-,3,-3,3,5,-4,1,-3,-1,3,5,-4,3,3,-4,3,-3,3,3,-4,3,4,5,-4,3,5,3,3,-3,5,3,5,-4,5,-4,-2,-1,-1,5,3,-4,5,-6,4,6,5,7,5,-6,1,5,3,5,-6,3,5,3,7,-4,3,-4,3,5,3,-5,3,-3,-3,-3,-4,-4,-3,3,-4,-4,2,2,-4,-3,-4,3,3,-4,3,3,-3,3,-4,-3,-4,3,5,-6,-1,-5
growlithe,3,4,4,-3,-3,-3,-2,-2,-1,1,1,4,1,1,2,3,4,-5,4,-3,4,4,3,-5,-3,-3,3,-3,3,5,-5,3,-5,-5,5,-5,-5,-4,3,-4,3,-5,3,3,3,1,1,1,4,-1,-1,-3,-3,-2,-1,4,-3,-,-3,-2,-1,-1,4,-3,-3,3,3,-4,3,3,4,-1,-1,-2,-2,-2,-3,-3,-6,-4,5,-5,-3,-3,-3,-4,-3,3,-4,5,-3,-3,-3,-3,-5,-4,-3,5,-3,4,6,3,5,3,3,2,4,5,3,-3,5,-4,-4,4,-3,-1,-1,-5,-5,-1,-3,-5,-3,-3,-3,-5,-3,-3,4,-1,-1,3,3,-1,-3,-3,5,-2,-2,-4,-1,-3,-2,-1,-3,-3,5,-5,-3,-3,-5
arcanine,1,1,3,3,5,-5,-4,-4,-3,1,1,1,1,1,1,1,3,3,1,4,1,4,1,3,3,-5,1,3,3,3,5,3,3,5,3,5,3,6,3,3,3,3,1,1,3,1,1,1,3,2,-3,3,4,3,-3,1,4,3,-,3,-4,-4,1,4,4,3,3,3,1,3,3,-2,-1,3,-4,-2,3,5,5,-6,3,5,3,1,4,5,5,3,5,5,3,5,-5,-5,3,3,5,3,5,4,4,1,3,3,3,1,3,3,3,3,5,5,3,3,3,3,-2,3,5,3,-3,3,2,-3,4,5,1,4,3,-2,-4,3,3,-2,-3,4,3,-4,-2,-4,-4,6,-4,3,-3,-6,3,5,-6,-5,6
poliwag,-2,-2,-2,1,3,-3,-6,-6,-4,3,3,5,3,3,3,3,3,-3,3,-3,3,-3,3,5,-1,-1,1,3,3,5,3,3,5,3,5,-6,3,-3,3,-2,3,-5,-2,-2,-2,-4,-4,3,-5,2,-1,-3,-1,5,-6,3,-3,2,-3,-,-3,-4,4,-3,-3,3,4,-4,-2,-2,-2,-4,-3,1,1,1,3,-3,-6,-6,-4,-2,-4,3,-1,5,-4,-4,-4,5,-6,-4,-3,-1,1,-4,-4,-4,-4,4,6,-4,-6,1,3,1,3,5,-4,-4,1,1,5,-4,-3,-6,-4,-6,-6,5,-5,-3,-3,-3,-1,-3,-2,-3,3,-4,-4,3,4,-4,-1,3,5,5,-4,3,-2,-3,-2,-4,-1,-3,5,-6,-4,-3,-3
poliwhirl,-4,-2,-2,1,3,4,5,7,-6,3,3,5,2,3,3,3,3,6,3,4,3,4,3,5,-1,-1,1,3,3,5,3,3,3,3,5,5,1,4,3,-4,3,6,-4,-2,-2,5,-6,3,6,2,2,4,-3,5,-6,3,-5,1,4,4,-,-6,4,-3,-3,3,3,-4,3,-2,-2,3,-5,1,1,1,2,4,7,-6,-4,-4,3,3,-3,5,-6,3,5,5,-6,-4,-3,-3,1,5,-6,5,-6,4,6,-4,-8,1,1,1,3,5,3,5,1,1,5,-4,-5,5,-6,5,7,5,-7,-5,-3,-5,-1,4,-4,-3,3,-6,-6,3,3,-6,-1,3,5,5,-6,3,-4,3,-4,-4,-1,-5,5,7,-6,-3,-5
poliwrath,3,-4,-1,1,2,4,5,7,-9,1,1,-5,1,1,4,3,4,6,2,4,2,4,3,4,-3,-1,1,1,3,3,4,3,3,4,3,5,1,4,3,5,3,6,-4,-4,-4,3,7,3,-5,2,2,4,4,5,-5,4,4,1,4,4,6,-,2,-3,-3,3,3,4,3,-4,-1,4,-5,1,1,1,2,3,7,-6,3,-3,3,4,4,5,-7,3,5,5,-9,-3,-3,-1,2,-4,-4,3,6,4,6,-6,7,1,1,2,4,5,3,5,1,1,5,-6,4,5,-7,5,7,4,8,-3,4,4,-3,4,4,4,4,-7,-8,3,3,7,-1,3,3,3,5,3,4,2,-4,-5,-1,-3,3,6,-7,-3,8
abra,-6,-4,-4,-2,-2,-1,-4,-4,-4,-6,-8,-6,-6,-6,-4,-4,-4,-3,-2,-1,-4,-1,-4,-4,-3,-3,-2,-2,-4,-4,-2,-4,-4,-4,-4,-4,-4,-3,-2,-2,-4,-3,-4,-4,-4,-3,-2,-5,-3,-1,-1,-1,-1,-5,-4,-2,-1,-4,-1,-3,-3,-2,-,-5,-4,-4,-2,-2,-4,-4,-4,-4,-3,-2,-2,-2,-2,-1,-4,-4,-6,-4,-2,-2,-1,-4,-4,-2,-2,-4,-4,-6,-5,-3,-4,-6,-4,-2,-2,-5,-3,-6,-4,-4,-3,-2,-2,-4,-3,-2,-4,-2,-4,-4,-1,-4,-4,-4,-4,-4,-3,-5,-1,-3,-3,-3,-2,-1,-8,-2,-2,-4,-2,-4,-3,-2,-4,-4,-4,-2,-2,-1,-2,-4,-3,-1,-4,-4,-2,-2,-2
kadabra,1,3,3,3,-4,-4,3,5,5,2,3,5,1,1,1,3,3,-4,1,3,3,3,1,3,3,-4,3,-2,1,3,3,1,1,3,4,-4,3,-4,3,-2,1,3,3,3,3,3,-4,1,3,3,-1,3,-1,3,5,1,3,3,-4,3,3,3,5,-,-5,1,3,3,3,3,3,3,3,-2,-2,-2,3,-3,-6,-6,5,-6,-2,3,-2,4,-4,1,3,3,5,3,3,4,3,-8,-4,1,3,3,-5,7,-4,3,3,1,1,-4,1,3,3,3,-4,-6,-4,3,-4,3,-4,3,-5,7,-1,-4,-5,5,-2,-1,1,-4,-4,3,3,-4,-3,-4,4,5,-4,3,-2,-3,-2,-4,-4,-4,3,-4,-4,-3,-4
alakazam,1,3,3,3,3,-4,3,3,5,1,3,5,1,1,1,3,3,4,1,3,2,3,1,1,3,5,3,3,1,1,3,1,1,3,3,5,3,5,3,-4,1,3,1,3,3,3,-4,1,3,1,-3,3,3,3,5,1,1,3,-4,3,3,3,4,5,-,1,1,3,1,3,3,3,3,3,3,-2,3,4,7,-6,3,5,3,3,3,3,-6,1,3,3,5,2,3,3,3,7,-6,1,3,3,6,7,-6,3,3,1,1,5,1,3,3,3,-6,5,3,3,5,3,5,3,-6,7,3,-4,5,5,3,3,1,-4,-6,3,3,-6,-5,-4,4,3,-6,3,-4,-3,-2,-4,-6,-4,3,5,-4,-4,-6
machop,-3,-3,-3,-3,-3,-3,-3,-3,-3,4,5,-3,4,6,6,4,-4,-3,2,-3,4,-5,6,-7,-3,-2,-4,-3,6,8,-5,6,-7,-5,4,4,-3,-1,1,-3,-5,-3,-4,-3,-3,5,-6,-5,-3,2,-3,2,-3,-3,-3,4,-3,-3,-3,-3,-3,-3,4,-1,-1,-,-3,-3,-3,-3,-3,-3,-1,3,-3,-3,4,-4,-4,-4,-5,-3,-3,-3,-3,-3,-2,-6,-3,-5,-3,-1,-1,-1,6,-3,-1,-5,-4,4,6,-5,-5,-6,-5,-3,-5,3,-5,-5,3,-3,-3,-5,-3,-3,-2,-5,-5,-3,-5,-1,-3,-1,-3,-3,-3,-3,4,-3,-2,2,2,-1,-2,-1,4,-3,-1,-3,-3,-3,-2,-1,-1,-1,4,-5,-5,-1,-5
machoke,-5,-3,-3,-3,-3,-3,3,-3,-3,4,5,-5,4,3,4,4,4,-5,2,2,3,4,4,6,-3,-3,5,-3,5,6,-7,4,6,-7,1,4,-3,-3,1,-3,4,-5,5,5,-3,5,-6,6,-3,2,-3,2,-3,-3,-3,4,-5,-3,-3,4,-3,-3,2,-3,-1,3,-,-3,3,-3,-3,-3,-3,3,3,-3,4,4,-6,-4,4,-5,-3,-3,-3,-5,-3,5,-5,5,-3,-1,-1,-1,4,-4,-3,-5,-5,4,6,7,-7,5,-6,2,-5,3,7,-5,3,4,2,-6,-3,-3,-3,4,6,-3,-5,-3,-3,-3,-3,-3,-3,-3,4,-3,-3,2,2,-3,-3,-3,3,3,-3,4,-3,-3,3,-1,-3,-3,4,6,-5,-1,-7
machamp,3,-5,-3,4,4,-3,3,4,-3,3,3,4,3,3,4,4,4,-5,2,2,2,4,4,6,2,-3,3,-5,3,6,-7,3,4,6,1,4,-3,-3,1,2,4,-5,3,5,5,3,5,3,-5,2,-3,2,2,4,-3,4,4,4,-3,4,4,-4,2,-3,-3,3,3,-,3,4,-3,-3,-3,3,3,3,4,4,5,-4,3,-5,-3,4,-3,3,-3,3,5,3,-3,-3,-3,-1,4,3,-3,3,-5,4,4,5,8,5,5,2,4,3,5,-7,3,3,1,6,4,-3,-3,4,4,-3,6,-3,-5,-3,-3,-3,-5,3,4,-3,-3,1,2,-3,-3,-3,1,1,-3,2,-3,-3,3,-3,-3,-3,3,4,-7,-3,-7
bellsprout,6,7,-5,-3,-1,-1,2,4,4,4,3,4,5,5,-5,-5,-3,-3,-3,-3,4,-3,6,-5,4,-5,2,-3,-7,-7,-3,-5,-5,-5,5,-5,-1,-1,3,-1,-5,-3,7,-5,-5,1,3,-7,-5,2,-1,-3,-1,2,4,-3,-3,-3,-1,2,-3,-3,4,-3,-1,3,-3,-3,-,-5,-5,-5,-5,1,1,-1,-3,-3,3,3,6,-7,-3,-3,-1,-3,-1,-4,-3,2,-1,-1,-1,-1,2,-3,-3,2,2,4,6,6,-5,1,-3,2,-3,5,-4,-3,1,2,-5,-7,-3,2,4,2,4,2,4,-3,-3,-1,-5,-1,-1,-3,2,-3,-1,4,-3,-3,-5,-1,-5,1,2,2,-1,-3,-2,-1,-5,-1,-5,-5,-3,-1,-3
weepinbell,5,6,-7,-3,-3,-1,1,2,4,3,3,4,3,5,6,-5,-5,-3,2,-3,4,-5,6,-7,4,-5,1,2,5,8,-5,5,-7,-5,3,6,-3,-1,3,-4,-5,-3,5,7,-8,1,3,7,-5,2,2,-3,-3,2,4,4,-3,-3,-3,2,2,4,4,-3,-3,3,3,-3,5,-,-5,6,-5,1,1,1,-5,-5,1,3,3,6,-3,-3,-3,1,-1,-6,-4,1,-3,-3,-3,-1,2,-4,-3,1,2,4,6,3,-5,1,1,2,4,5,5,-3,1,1,5,6,-3,2,4,2,4,2,4,-3,-3,-1,4,-1,-3,-3,2,-5,-1,3,4,-3,-5,-1,3,1,2,2,2,-3,-2,-1,-7,-1,5,-7,-5,-3,-5
victreebel,5,5,8,-4,-3,-3,1,1,4,1,3,4,3,5,5,3,-5,-5,2,4,4,6,3,8,4,4,1,1,5,5,6,5,5,4,3,4,3,-3,3,3,3,-5,5,7,9,1,1,5,-7,2,2,2,-3,1,4,2,4,-4,-3,2,2,2,4,-3,-3,3,3,3,5,5,-,4,6,1,1,1,6,-5,1,3,3,6,-4,4,-3,1,-3,5,-6,1,2,-3,-3,-3,2,3,-4,1,2,4,4,3,5,1,1,2,2,3,5,-6,1,1,5,5,4,1,2,1,3,2,4,-3,-3,-1,4,-3,-3,-3,2,-5,3,3,3,3,4,-4,3,1,1,1,2,-3,-4,-1,-9,-3,5,-7,-5,-3,6
tentacool,5,-6,-3,1,2,2,5,5,-5,1,1,4,1,1,3,1,3,-3,2,-3,2,-3,1,4,2,-1,1,1,3,3,2,1,3,2,3,3,1,2,2,-2,1,4,5,-6,-6,3,3,2,4,-1,-1,2,-1,5,-5,2,-3,1,2,4,-3,-3,4,-3,-3,3,3,3,5,-6,-3,-,-5,1,1,1,2,2,5,-4,3,-3,-2,2,-1,5,-5,3,3,3,-5,-3,-3,-1,2,3,-4,3,-3,4,4,5,-4,1,1,2,2,3,3,3,1,1,-6,7,-3,5,6,5,-4,6,-5,-3,-1,4,-3,2,-1,-1,3,-3,-4,2,3,-6,-1,2,3,3,5,1,-1,2,-2,-5,-1,-3,5,-5,-3,-3,-3
tentacruel,5,5,-6,1,1,2,3,5,7,1,1,3,1,1,1,1,2,3,1,1,1,3,1,3,1,-3,1,1,1,3,1,1,3,1,3,3,1,2,1,3,1,3,5,5,7,1,3,1,3,1,-1,1,-3,3,7,1,3,1,1,3,5,5,3,-3,-3,1,3,3,5,5,-6,5,-,1,1,1,1,2,5,-6,3,3,3,1,-3,5,6,1,3,3,5,3,-4,-3,1,3,5,3,3,2,4,5,5,1,1,1,1,3,1,3,1,1,7,7,3,3,5,3,7,3,8,3,-3,3,-3,1,3,3,1,-6,-8,1,3,9,-3,1,3,3,3,1,3,2,3,5,-4,3,3,5,-6,-3,6
geodude,-1,-1,-1,2,2,-3,-1,-1,-1,4,6,4,2,4,4,4,6,6,2,4,4,6,2,2,2,2,4,6,2,2,4,2,2,4,4,6,2,-3,4,4,4,6,-1,-1,-1,4,6,4,4,2,-1,4,4,-1,-1,-3,-3,2,-3,-1,-1,-1,2,2,-3,-3,-3,-3,-1,-1,-1,-1,-1,-,-1,-1,2,2,-2,-1,2,4,6,4,6,-1,-1,2,4,-3,-1,2,-1,-1,4,-3,-3,-3,-3,2,2,-1,12,-5,-3,2,4,6,2,4,4,4,4,-1,6,-1,-1,4,4,-1,-1,-3,4,-1,2,2,-7,6,4,-1,-1,4,4,-1,2,2,4,-1,-1,-1,-1,6,-5,-1,8,4,4,4,10,-1,6
graveler,-1,-1,-1,2,2,4,-1,-1,-1,4,3,2,2,4,4,4,4,6,2,4,4,6,2,2,2,2,4,6,2,2,4,2,2,2,4,4,2,2,3,4,4,6,-2,-1,-1,3,5,4,4,2,-3,2,4,-1,-1,2,-3,2,4,-1,-1,-1,2,2,-3,-3,-3,-3,-1,-1,-1,-1,-1,1,-,-1,2,2,3,-2,2,2,4,4,6,-3,-1,1,4,-3,-1,2,2,2,4,4,-3,4,-3,2,2,-1,10,4,-5,2,4,3,2,4,3,4,4,-1,6,-1,-1,4,4,-1,-1,-3,4,-1,2,2,8,4,2,-1,-1,4,4,-1,2,2,4,-1,-1,-1,-1,6,5,-1,7,4,4,4,8,-3,6
golem,-1,-1,-1,2,2,4,-2,-1,-1,4,3,2,2,1,2,4,4,6,2,4,4,4,2,2,2,2,3,6,1,2,2,2,2,2,3,4,2,2,1,4,4,6,-2,-2,-1,3,5,4,4,2,2,2,4,-1,-1,2,4,2,2,-1,-1,-1,2,2,2,3,4,-3,1,-1,-1,-1,-1,1,1,-,2,2,3,-4,2,2,4,4,6,-3,-1,1,2,3,-1,2,2,2,4,3,4,4,4,2,2,-2,8,3,4,2,4,3,1,4,1,3,4,-1,4,-1,-1,4,4,-1,-1,4,4,-1,2,2,6,4,2,-1,-1,2,3,-1,2,2,3,1,-1,-1,-1,6,5,-1,6,4,2,4,8,-3,6
ponyta,3,5,-6,3,-4,-3,-2,-2,-2,2,3,5,1,3,3,3,5,-5,3,-3,3,-4,3,5,-3,-3,5,-4,5,-6,-4,3,5,-5,5,-6,3,-5,3,-3,3,-5,5,5,7,1,3,3,6,-1,-1,-3,-3,-2,-2,3,-3,3,-3,-3,-2,-2,2,-3,-3,-4,-4,-4,3,5,-6,-2,-1,-2,-2,-2,-,-3,-6,-4,5,-6,-4,3,-3,5,-4,-4,-4,-6,-4,-4,-3,-3,-6,5,-4,5,-4,6,-6,3,-6,-4,-4,3,5,-5,-5,-4,-6,-4,-4,5,-3,-2,-2,5,-5,-2,-3,-4,-3,-3,-3,-5,3,-3,3,-2,-2,4,4,-2,-3,-4,5,-2,-2,-4,-2,-3,-2,-2,-3,-3,3,5,-4,-3,-4
rapidash,3,5,5,3,-4,-4,-4,-3,-2,1,1,5,1,1,3,3,4,5,3,-4,3,5,3,5,3,-4,5,-4,5,5,-6,3,5,-6,4,5,3,5,3,-4,3,5,3,5,5,1,3,3,5,1,-1,3,-3,3,-2,3,-4,3,5,3,-4,-3,1,4,4,4,-4,-4,3,5,5,-2,-2,-2,-2,-2,3,-,-6,-5,3,-6,-4,3,-4,5,-4,5,-4,5,-4,-6,-6,-3,7,3,-6,5,-6,3,6,3,7,5,-4,3,5,-6,5,-5,-8,-6,5,5,-6,-3,-2,5,5,-2,-3,5,-3,3,-3,5,3,-3,3,-2,-2,3,3,-2,-3,4,5,-2,-2,-4,-3,-5,-3,-4,-4,-4,3,5,-6,-3,-6
slowpoke,-3,-1,-1,6,-5,-5,8,-7,-5,6,6,7,4,4,4,6,7,-7,6,-5,4,7,4,6,-1,-1,4,-5,4,6,-7,4,6,-7,7,-9,6,-5,-5,-3,4,8,-3,-3,-1,-7,-5,4,6,4,-3,-5,-3,8,-5,4,-5,6,-5,6,-7,-7,4,6,-7,4,6,-5,-3,-1,-1,-5,-5,2,-3,-3,6,6,-,-9,-3,-3,-3,-5,-3,8,-5,6,-5,8,-5,-7,-7,-5,2,8,-9,6,-5,8,10,-3,-7,6,6,2,4,-7,6,-5,3,4,8,-3,-5,-7,-5,8,-7,6,-9,8,-3,-5,-1,-5,-3,-5,4,-5,-5,6,6,-5,-1,-5,8,-5,-5,-5,-3,-5,-3,-3,-1,-5,6,-9,-5,-7,-7
slowbro,-3,-3,-3,4,4,6,6,8,-9,4,4,6,2,2,4,4,6,8,4,6,4,6,4,4,-3,-3,4,4,4,4,6,4,4,6,8,8,4,6,5,-5,4,4,-3,-3,-3,5,8,4,5,4,4,6,-5,6,-9,2,4,4,6,6,6,6,4,6,6,4,4,4,-3,-3,-3,4,6,1,2,4,4,5,9,-,-5,-5,-5,4,-5,8,-9,3,6,4,8,6,8,-9,2,6,10,4,6,6,8,-5,-11,4,4,2,4,8,4,6,1,2,7,-5,-7,6,-9,6,10,6,10,8,-5,6,-3,6,-5,6,4,-7,-9,6,6,-7,-1,6,7,8,-7,6,-5,4,-5,-5,-1,-7,6,8,-9,-9,-11
magnemite,-5,-3,-3,-5,-3,-3,3,-3,-3,4,3,6,4,3,6,2,4,4,4,-3,2,4,6,-5,-7,-5,-6,-3,5,-7,-5,6,-7,-5,6,-5,-3,-3,-4,-3,4,-5,-6,-6,-3,-6,-4,6,-7,-1,-1,-3,-3,4,-3,-5,-3,-5,-3,4,4,-3,6,-5,-3,5,-3,-3,-6,-3,-3,-3,-3,-2,-2,-1,-5,-3,3,5,-,-7,-3,2,-3,4,-3,5,-3,3,-3,-3,-3,-3,-9,-6,-5,2,-3,10,-7,-8,-5,-4,-3,-3,-5,-6,5,-3,-6,-4,-7,-7,-3,-3,-3,4,-5,-3,-5,-5,-3,-3,-7,-3,-3,-3,2,-3,-3,6,-5,-3,-5,-3,7,3,-3,-3,-3,-3,-2,-3,-5,-5,-7,-5,-3,-3,-5
magneton,7,-6,-5,5,-5,4,3,3,4,3,3,4,3,3,6,1,4,4,4,-5,2,4,3,6,6,-9,-8,-6,5,5,-7,3,5,-7,5,7,5,-3,4,-4,1,4,7,-8,-6,7,-6,4,8,-3,-1,4,-3,3,4,4,-5,5,-5,2,4,4,4,6,-5,3,5,5,7,-6,-5,4,-3,-4,-2,-2,6,6,3,5,7,-,3,2,-3,3,-5,5,-6,1,4,-5,-5,-5,-13,7,-8,1,4,8,10,-10,-8,-6,-4,2,4,7,5,-6,-8,-6,7,-12,-5,3,4,3,3,4,4,-7,-3,-3,-9,-5,-3,-5,2,4,5,4,5,-4,-7,-4,5,3,-4,1,-3,4,-4,-3,-7,6,7,-9,-5,-5,-7
farfetchd,3,4,-5,4,-3,-3,3,3,-3,1,3,4,1,3,4,2,4,4,2,-3,2,4,3,4,-1,-1,3,-3,3,3,-5,3,4,-5,3,4,2,-3,3,3,1,4,3,3,5,3,3,3,4,2,-3,2,-3,3,-3,2,-3,4,-3,4,-3,-3,2,2,-3,3,3,3,3,3,4,2,-3,-6,-4,-4,4,4,3,5,3,-3,-,-3,-3,3,-1,3,-4,3,-1,-3,-3,-3,-5,3,4,3,-5,4,4,3,5,3,5,2,4,5,3,-3,-6,-4,3,6,-3,-3,-3,4,4,-3,4,4,-3,-1,-1,-3,-3,-3,2,-3,-1,3,3,-3,-1,-3,3,-4,-4,-4,-3,-3,-2,-1,-1,-3,3,4,-3,-3,-5
doduo,3,3,-3,3,-3,-1,3,-4,-1,3,3,3,2,3,4,3,3,-3,3,-3,2,-3,3,4,-1,-1,-4,-4,3,5,-3,3,3,-5,3,5,3,-1,3,-2,3,-5,3,3,5,3,-4,3,4,2,-3,-3,-1,3,-1,3,-3,3,-1,-3,-3,-4,2,-3,-3,3,3,-4,3,3,-4,-2,-1,-4,-4,-4,-3,-3,5,-4,-2,-2,3,-,-1,-2,-2,3,-4,-4,-2,-3,-1,-1,-6,3,-4,3,-3,4,4,5,5,5,5,2,-3,5,-4,-4,-6,-4,3,5,-3,3,-1,3,5,-3,-3,-3,-3,-1,-1,-1,-1,-3,4,-1,-2,3,3,-2,-1,-2,3,-2,-2,-4,-3,-3,-2,-1,-1,-3,3,3,-3,-1,-3
dodrio,3,3,5,1,3,-3,3,3,-4,1,3,3,1,3,3,1,3,3,1,3,1,4,1,3,1,-1,3,-4,3,3,5,1,3,3,3,3,1,-3,2,3,1,3,3,3,3,3,3,3,3,1,4,1,-3,3,3,1,3,3,-4,1,3,-4,1,2,-3,3,3,3,1,3,3,1,-3,-6,-6,-6,3,4,3,5,3,3,3,1,-,3,-2,3,5,3,-2,-4,-4,-3,-8,3,3,3,5,4,4,3,5,3,5,1,3,3,3,5,7,-6,3,5,5,3,3,3,3,3,4,3,-3,-2,-1,3,-4,-3,1,-4,-2,3,3,-4,-1,3,3,-4,-4,5,-4,-5,-4,-2,-2,5,3,3,5,-3,-5
seel,-3,-3,-1,-5,-5,-3,-8,-7,-7,4,3,4,4,3,5,2,4,4,4,-3,2,4,4,6,-3,-1,1,-3,5,6,4,4,6,4,5,-7,6,-5,4,-3,2,4,3,3,-3,3,3,4,8,2,-3,-3,-3,8,-7,4,-5,4,-5,-5,-5,-5,4,-4,-3,3,-5,-3,3,-1,-1,-5,-5,1,3,-3,5,-5,-8,-8,-3,-3,-3,2,-3,-,-5,5,-3,6,-7,-5,-3,-3,2,7,-5,-5,-5,6,8,3,6,1,4,2,4,7,5,-5,2,3,-5,4,-3,-7,-5,-7,-5,-7,-7,-5,-3,-5,-1,-7,-3,-3,4,-5,-5,4,5,-5,-1,-3,5,-8,-5,-3,-3,4,-4,-5,-1,-3,4,4,4,-3,-5
dewgong,1,1,-3,3,4,4,5,5,-9,1,1,2,1,1,4,1,2,2,2,4,2,2,1,4,-3,-3,1,1,3,3,2,1,3,2,3,4,3,-5,3,3,1,2,1,1,3,1,1,3,4,2,2,2,4,5,8,2,-3,3,-5,4,6,-7,4,4,6,2,3,3,1,1,-3,6,-6,1,1,1,4,4,5,9,3,-5,1,2,2,5,-,3,3,3,10,6,-5,-5,2,3,5,3,6,4,4,1,3,1,1,2,2,3,3,3,1,1,5,3,4,5,8,5,7,6,8,4,2,6,-3,4,4,4,4,6,-7,3,3,-8,-3,5,3,7,9,3,-5,2,-4,6,-3,4,1,2,2,-5,6
grimer,4,6,-5,-3,-3,-3,-5,-3,-3,2,3,-3,4,4,4,4,4,-5,4,-5,4,5,-7,-7,-3,-3,-5,-3,-9,-7,-5,-7,-7,-5,5,6,-3,-3,3,-3,6,-7,6,6,-7,2,2,6,-3,-1,-1,-3,-3,-3,-3,4,-5,-3,-3,4,-3,-3,2,-1,-1,6,-5,-3,4,6,-5,-3,-1,-2,-1,-1,4,-5,-6,-3,-5,-5,-3,-3,-3,-5,-3,-,-7,6,-3,-1,-1,-1,-11,-3,-3,-5,-5,4,6,4,4,-3,-3,-3,-5,-7,8,-7,-5,-5,6,4,-3,-3,-3,6,6,-3,-5,-3,-3,-3,-3,-3,-3,-3,4,-3,-3,4,4,-3,-3,-3,6,-3,-3,-5,-3,-5,-3,-1,-3,-5,4,6,-5,-1,-5
muk,3,4,6,4,4,-5,3,-5,-5,1,1,2,4,3,4,4,4,6,4,4,3,4,6,-9,4,-3,-8,-5,7,10,-7,6,8,-7,3,6,4,-3,3,5,6,-9,3,5,6,1,1,3,-5,-3,-3,4,4,4,-5,4,4,4,-5,4,-5,-5,2,-3,-3,3,5,-5,3,4,6,-3,-3,-4,-4,-2,4,4,5,-6,3,6,4,4,-5,3,-3,7,-,5,-5,-3,-3,-3,-15,3,-3,6,6,4,6,3,4,-6,-4,2,6,5,7,10,-10,-8,4,4,-5,4,-3,4,6,4,6,-3,4,-3,4,4,4,-5,4,-3,-3,3,4,-3,-3,-3,4,-6,-3,-7,-5,-7,-4,-3,-3,-7,4,6,-7,-3,8
shellder,-1,-1,-1,-5,-5,-3,-5,-5,-3,4,4,-5,4,3,6,4,4,5,4,-5,2,4,6,-7,-1,-1,4,-3,6,8,-5,6,8,6,7,-7,-5,-3,5,-3,4,6,-2,-1,-1,3,5,6,-5,2,-3,-5,-3,-5,-3,-5,-5,-5,-5,-5,-5,-5,4,-3,-3,5,-5,-3,-1,-1,-1,-3,-3,3,3,-3,6,-5,-8,-4,-3,-1,-3,4,-3,-6,-3,-6,-5,-,-3,-3,-3,-1,4,-3,-3,-7,-5,6,-9,-3,-7,3,4,4,6,-8,7,-5,3,4,-5,-3,-5,-5,-3,-7,-5,-4,-7,-3,-3,-3,-1,-3,-3,-3,6,-3,-3,6,-5,-3,-1,-3,8,-6,-3,-5,-3,4,-4,-3,-1,-5,4,6,4,-3,-7
cloyster,1,1,-1,3,4,-3,5,7,-7,1,1,2,1,1,4,1,2,2,2,4,2,2,1,4,-3,-1,1,1,3,3,4,3,3,4,3,5,3,-3,3,3,1,2,1,1,3,1,1,3,6,2,2,4,4,5,-7,2,4,3,-3,6,6,-9,4,-5,-5,3,3,3,1,3,-1,-5,-5,1,1,1,4,4,5,-8,3,-3,1,2,2,7,-10,3,5,3,-,-5,-3,-3,2,5,5,3,6,4,4,1,3,1,1,2,4,3,3,3,1,1,7,3,4,5,-7,5,9,6,10,4,2,6,-1,-3,4,4,4,6,-6,3,3,-6,-1,-4,3,7,-6,3,-7,2,5,8,-1,4,1,2,2,-3,6
gastly,1,3,4,3,4,-5,3,3,5,1,3,5,1,1,1,3,3,6,1,4,3,4,1,2,4,-3,3,3,1,1,3,1,1,4,5,7,3,-3,3,5,1,4,1,3,3,3,5,1,4,-1,-1,4,6,3,-5,1,2,3,-5,4,4,3,6,-3,-2,1,1,3,1,3,3,3,-3,-2,-2,-2,4,6,7,-6,3,5,3,3,4,5,-6,1,3,3,5,-,-1,-1,3,-4,-4,1,3,4,6,7,15,3,3,2,1,5,1,3,3,5,13,5,4,3,-3,3,5,4,-9,-3,4,-3,-5,-5,4,6,2,-3,-6,3,3,-6,-3,-6,5,5,-4,3,6,-5,7,-3,-3,-3,3,5,8,-1,14
haunter,1,3,3,3,3,6,3,3,5,1,1,5,1,1,1,3,3,5,1,4,1,4,1,1,3,6,3,3,1,1,3,1,1,3,3,5,3,-5,3,5,1,3,1,3,3,3,5,1,3,-1,-1,3,4,3,5,1,2,3,6,3,3,3,5,-3,-3,1,1,3,1,3,3,3,4,1,-2,-2,3,6,7,-8,3,5,3,1,4,3,5,1,3,3,3,1,-,-3,1,-6,-4,1,3,4,6,7,13,3,3,1,1,5,1,3,3,3,11,5,3,3,5,3,5,3,10,-6,4,-3,6,5,3,6,1,5,7,3,3,-6,-5,5,3,3,5,3,3,4,5,-4,-5,-6,3,3,5,-3,14
gengar,1,1,3,3,3,5,3,3,5,1,1,3,1,1,1,1,3,3,1,3,1,3,1,1,3,3,1,3,1,1,3,1,1,1,3,5,3,5,3,5,1,1,1,1,3,3,3,1,3,1,-1,1,4,3,5,1,1,3,5,1,3,1,3,-4,-3,1,1,1,1,1,3,1,3,1,-2,-2,3,3,5,9,3,5,3,1,3,3,5,1,3,1,3,1,3,-,1,7,-6,1,3,3,4,5,13,3,3,1,1,3,1,1,3,3,9,5,3,3,3,3,5,3,10,-6,3,-4,3,3,3,4,1,5,7,3,3,7,6,5,3,3,5,1,3,4,5,-6,7,7,3,3,5,-3,11
onix,-2,-2,-1,5,-3,-3,-2,-2,-1,5,5,4,3,5,6,5,6,8,8,12,4,8,7,12,8,12,13,-12,9,13,-17,7,11,16,9,15,5,-3,7,-10,5,8,-2,-2,-2,5,7,5,-5,-3,-3,8,-9,-2,-1,-5,-5,5,-3,-1,-1,-1,4,-3,-3,-6,-4,-4,-2,-2,-1,-1,-1,-4,-4,-4,6,-7,-2,-2,9,14,5,6,8,-2,-1,11,15,-4,-1,-3,-1,-1,-,-4,-4,-4,-3,10,12,-2,17,-8,-6,6,14,15,11,15,-20,-16,9,-2,-13,-2,-1,9,13,-1,-1,-3,6,-1,10,-3,-9,-11,8,-1,-2,7,9,-2,10,-4,11,-2,-2,-2,-1,8,-8,-1,10,6,7,12,12,-1,-19
drowzee,4,4,-3,-5,-3,-3,-5,-5,-3,4,3,6,2,1,4,4,5,-5,4,-3,4,-5,2,4,-5,-3,3,-3,3,4,4,2,4,4,5,-5,-5,-3,4,-3,2,4,3,3,-5,5,-4,3,4,-3,-3,-3,-3,-5,-5,2,-3,4,-3,4,-5,4,6,8,-7,3,4,-3,3,4,-3,-3,-3,3,-4,-3,5,-3,-8,-6,6,-7,-3,-3,-3,-7,-3,3,-3,3,-5,4,6,-7,4,-,-5,4,-3,6,-7,-10,-5,5,-5,2,2,-6,3,-3,3,-4,-5,-9,-3,-5,-3,6,-5,-5,-5,-9,-3,-3,-5,-3,-3,-3,4,-3,-3,4,-5,-3,-3,-3,5,-6,-3,-3,-3,-3,-2,-3,-3,-3,6,-5,-3,-5,-5
hypno,3,3,4,3,-5,-5,3,5,-5,3,3,6,1,1,2,3,4,6,4,4,4,4,1,4,4,-5,3,5,1,3,4,1,3,4,5,6,5,-5,3,-4,1,4,3,3,3,3,5,1,4,4,-3,4,-3,3,-5,2,4,3,-5,4,6,4,4,4,6,1,3,3,3,3,4,4,-5,3,3,-4,4,6,9,-10,5,8,-4,4,-3,5,-5,3,3,3,-5,4,4,6,4,5,-,3,4,4,6,9,-8,3,5,2,2,5,1,3,3,5,5,7,-5,3,-5,3,-7,4,-9,6,-3,-5,6,-5,-3,-5,2,-5,-6,3,4,-6,-5,-6,5,5,-6,3,-3,5,-4,-3,-5,-5,3,6,-5,-7,-7
krabby,-2,-1,-1,4,-3,-3,5,-3,-3,3,5,-5,4,4,4,4,6,-5,4,-5,4,-5,4,6,-1,-1,-6,-3,5,8,-5,4,6,-7,5,-7,-3,-3,3,-4,4,-7,-2,-2,-1,5,-6,5,-3,-3,-3,-3,-3,-5,-3,4,-5,-5,-3,4,-5,-3,2,-1,-1,5,5,-3,-2,-1,-1,-3,-3,3,-4,-4,5,-5,-6,-4,-2,-1,-3,-3,-3,5,-3,5,-5,7,-3,-1,-1,-1,4,-4,-3,-,-5,6,6,-2,-7,7,-6,-3,-5,7,-6,-5,5,5,6,-1,-3,-3,-3,6,-7,-3,-5,-3,-3,-3,-1,-3,-3,-3,4,-3,-3,4,4,-3,-1,-3,5,-4,-3,-5,-3,-5,-4,-1,-1,-5,4,6,-5,-1,-5
kingler,-2,-2,-1,3,6,-5,5,5,-5,3,4,5,3,3,4,3,5,6,3,-5,3,6,3,6,-1,-1,5,-6,5,5,-7,3,5,8,5,6,3,-5,3,5,3,6,3,-2,-2,3,5,5,6,2,4,4,-5,3,-5,3,6,3,-5,4,6,-6,2,-3,-3,4,5,5,-2,-2,-2,3,-3,3,3,-4,4,6,5,-6,3,-4,5,4,-5,5,-6,5,-6,5,-6,-3,-3,-3,3,3,-4,5,-,4,6,-4,7,7,7,4,6,7,5,7,3,5,5,-4,-5,5,-5,5,5,4,6,-5,-5,4,-1,-5,-5,-5,4,-5,-6,3,3,-6,-1,5,5,-6,-6,-8,-5,-7,-4,-3,-1,-7,3,5,-7,-3,-9
voltorb,-4,-4,-4,-4,-4,-3,-4,-4,-4,7,9,-8,7,9,8,7,-6,-6,-6,-4,5,-3,-8,-6,7,-5,-4,-4,-10,-8,-4,-8,-6,-6,-8,-6,-4,-3,-4,-4,7,-6,-4,-4,-4,-6,-4,9,-8,-2,-1,-4,-3,-4,-4,-6,-4,-4,-4,-4,-4,-4,5,-3,-3,-4,-4,-4,-4,-4,-4,-4,-1,-2,-2,-2,-6,-3,-8,-6,-10,-8,-4,-4,-3,-6,-4,-4,-4,-6,-4,-4,-4,-3,-10,-6,-4,-6,-4,-,-7,-6,-6,-4,-4,-4,-6,-6,-6,-4,-6,-4,-8,-6,-4,-4,-4,-6,-6,-4,-5,-4,-3,-2,-5,-4,-4,-3,7,-4,-4,7,-4,-4,-5,-4,-6,-4,-2,-4,-4,-3,-2,-2,-6,-6,-8,-6,-4,-3,-5
electrode,-6,-6,-4,-6,-6,-4,-6,-6,-4,5,7,9,5,7,7,5,7,-8,5,-6,5,-6,7,-8,5,-8,-6,-4,7,-10,-6,7,9,-8,7,-8,-6,-4,5,-4,5,-8,-6,-6,-6,7,-6,7,9,3,-2,5,-4,-6,-4,5,-6,-6,-4,-6,-6,-6,3,5,-6,-6,-6,-4,-6,-6,-4,-4,-4,-2,-2,-2,6,-6,-10,-8,7,-10,-4,-4,-4,-8,-4,-6,-6,9,-4,-6,-6,-4,-12,7,-6,-6,-6,7,-,-8,-8,-6,-4,5,-6,-8,-8,-6,-8,-6,7,-10,-6,-6,-4,7,-8,-6,-8,-6,-4,-4,-8,-4,-4,-4,5,-4,-4,6,6,-4,-8,-4,8,-4,-4,-6,-4,-6,-4,-4,-8,-8,7,-8,-6,-4,-6
exeggcute,-7,-7,-5,-3,-1,-1,4,4,-5,6,7,11,10,11,-8,-7,-5,-5,4,-5,6,-7,-5,-5,6,-5,4,-3,10,-11,-7,10,-9,-7,6,-7,-1,-1,5,-3,-6,-5,-6,-5,-5,-7,-6,10,-9,2,4,-5,-3,4,6,6,-5,-3,-1,4,4,6,6,-7,-7,5,-7,-5,-5,-3,-3,-5,-5,1,1,2,-3,-3,3,5,8,10,-3,-5,-3,-3,-1,-4,-3,-3,-1,-7,-7,-5,2,10,-9,2,4,6,8,-,-7,3,4,4,6,7,-4,-3,1,2,-7,-11,-5,4,-5,4,6,4,6,8,-3,-1,-7,-1,-3,-3,2,-5,-1,6,6,-3,-5,-1,8,1,4,2,2,-3,-4,-1,-5,-3,-9,-7,-5,-7,-7
exeggcutor,5,8,10,-5,-3,-3,5,8,10,3,5,6,3,5,6,6,6,-7,4,6,4,6,6,-5,4,6,7,-5,5,8,-9,5,6,-9,5,8,-3,-3,5,-6,4,-7,5,7,-6,5,7,5,6,4,6,4,-5,6,10,4,-7,-5,-3,6,8,-7,4,4,6,5,7,-7,5,-5,-5,4,-5,-12,-10,-8,6,-7,7,11,5,8,-5,-5,-5,-6,-3,-4,-4,7,-3,-15,-13,-13,-17,5,8,7,-7,6,8,7,-,7,9,4,8,9,-6,-3,-10,-8,5,10,-5,6,10,6,8,6,8,6,-5,-3,6,-3,-5,-5,4,-7,-3,5,6,-5,6,-3,6,13,-11,-7,-5,-5,-4,-3,10,-3,5,8,-7,-9,-9
cubone,-1,-1,-1,-3,-3,-3,-1,-1,-1,6,7,-7,6,6,6,6,8,-7,6,-5,6,-7,4,6,4,4,-7,-5,4,6,6,4,4,6,8,-9,-3,-1,5,-3,6,-9,-2,-1,-1,7,-6,8,-5,4,-3,-5,-3,-1,-1,6,-5,-3,-3,-1,-1,-1,4,-3,-3,6,-5,-5,-1,-1,-1,-1,-1,5,-3,-3,4,-5,-6,-4,4,6,-3,-5,-3,-1,-1,3,6,-3,-1,-3,-3,-3,8,-5,-3,-7,-7,4,6,-3,-7,-,-7,4,-7,-8,5,6,5,-5,8,-3,-5,-1,-1,8,-7,-1,-3,-3,-3,-1,4,-3,-3,-5,6,-1,-1,6,6,-1,4,-1,8,-1,-1,-1,-1,-5,-4,-1,-9,-5,6,8,-5,-3,-7
marowak,-3,-1,-1,2,-3,-3,-4,-1,-1,5,5,6,4,5,5,5,6,8,4,6,4,6,2,4,2,4,7,-5,3,4,6,2,4,4,5,8,2,-3,4,-5,6,10,-4,-2,-1,5,7,6,6,4,-5,4,-5,-1,-1,4,6,-3,-3,-3,-1,-1,3,-3,-3,5,6,-5,3,-1,-1,-1,-1,3,5,-3,4,4,-6,-4,4,4,-5,-5,-5,-3,-1,3,4,-4,-1,-3,-3,-3,6,5,-5,6,-7,4,4,-4,-9,7,-,4,8,7,3,6,4,5,6,-3,-5,-1,-1,6,8,-1,-3,-5,-5,-1,4,-3,-5,-5,4,-1,-1,5,5,-1,4,-3,5,-2,-1,-3,-1,-7,-4,-1,10,-7,6,6,-7,-3,-9
hitmonlee,-2,-2,-2,-2,-2,-1,-2,-2,-2,3,3,-2,3,3,3,3,3,-1,3,-1,2,-3,3,-4,-1,-1,-4,-2,3,-4,-4,3,3,-3,3,-4,-2,-1,-2,-2,3,-1,-2,-2,-2,3,-2,3,-1,-1,-1,-1,-1,-2,-1,3,-1,-2,-1,-1,-1,-2,2,-1,-1,3,-2,-2,-2,-2,-2,-2,-1,-2,-2,-2,-3,-3,-2,-2,3,-2,-2,-2,-1,-2,-2,3,-2,-4,-2,-2,-1,-1,-6,-2,-2,3,-4,4,-5,-4,-4,-4,-4,-,-4,-4,-4,-2,-4,-2,3,-4,-1,-2,-1,3,-4,-1,-1,-1,-1,-1,-1,-1,-1,-1,3,-2,-2,3,3,-2,-1,-2,4,-2,-2,-2,-2,-1,-2,-1,-1,-1,3,3,-2,-1,-3
hitmonchan,-4,-4,-1,3,-3,-1,-4,-4,-3,3,5,-4,3,4,4,3,5,-5,3,-5,3,-5,3,6,-3,-1,-6,-4,5,7,-5,3,5,-7,5,7,3,-1,3,-4,3,-5,-4,-4,-4,5,-6,5,-3,4,-3,4,-3,-4,-3,3,-5,-4,-3,-3,-3,-4,2,-1,-1,5,5,-4,3,-4,-2,-2,-1,-4,-4,-4,-5,-5,-4,-4,5,-4,-4,3,-3,-4,-2,5,-6,-6,-4,-1,-1,-1,-14,-2,-2,5,-6,6,6,-6,-8,7,-8,4,-,7,7,-6,-8,-6,5,-6,-5,-4,-1,5,7,-3,-3,-1,-3,-1,-3,-1,-3,-3,4,-1,-2,3,4,-2,-1,-2,5,-4,-2,-4,-3,-3,-4,-1,-1,-3,3,5,-5,-1,-7
lickitung,-5,-5,-3,-5,-5,-3,-5,-5,-3,4,6,6,4,6,6,4,6,-7,4,-5,4,6,6,8,4,-3,-7,-5,6,8,-7,6,6,-9,6,8,-5,-3,5,-5,4,8,-5,-5,-5,5,-7,6,8,4,-3,4,-3,-5,-3,4,-3,-5,-3,-5,-5,-5,4,4,-5,-3,-3,-3,-5,-5,-3,-3,-3,-6,-3,-3,5,6,7,-7,6,-7,-5,-5,-3,-7,-3,7,-5,8,-3,-5,-5,-3,-15,6,-5,-7,-7,6,8,-7,-9,8,-7,4,-7,-,-7,-5,-10,-5,6,-9,-5,-5,-3,6,8,-5,-7,-5,-5,-3,-3,-3,-3,-5,4,-3,-3,6,5,-3,-3,-3,6,-3,-3,-5,-5,-7,-3,-3,-3,-5,6,8,-7,-3,-7
koffing,6,-5,-5,-3,-3,-3,-3,-3,-3,2,3,-3,4,5,5,4,6,7,4,-5,4,-5,8,-7,-3,-3,-5,-3,-9,-8,-5,-7,-7,-6,6,-7,-3,-3,4,-3,8,-7,5,-7,-7,1,1,-5,-3,-3,-1,4,-3,-3,-3,4,-5,-3,-3,4,-3,-3,3,-1,-1,6,-7,-5,4,-5,-5,-3,-1,-2,-1,-1,5,-5,-6,-4,-5,-5,-3,4,-3,-5,-3,-8,-7,-7,-3,-1,-1,-1,-11,-3,-1,6,-5,6,8,4,6,-5,-3,4,-7,7,-,-8,-8,-5,6,6,-5,-3,-3,6,-7,-3,-5,-3,-3,-3,-3,-3,-3,-3,4,-3,-3,4,5,-3,-3,-3,6,-3,-3,-5,-3,-5,-4,-1,-3,-5,4,6,-5,-1,-7
weezing,3,6,-7,4,-5,-3,3,5,-3,1,1,2,3,3,4,3,4,6,4,6,4,5,5,-9,4,-3,-8,-5,7,9,-7,5,8,-8,3,6,4,-3,3,5,5,-9,3,5,5,1,1,3,-5,-3,-3,4,-5,3,-5,4,6,4,-3,4,-5,-5,2,-3,-3,5,5,7,3,3,6,-3,-3,-4,-4,-4,4,5,5,-6,3,6,4,4,-5,5,-3,7,-10,5,-3,-3,-3,-1,-15,3,-3,5,-7,4,6,3,3,-6,-6,2,6,5,8,-,-10,-8,3,4,-7,4,-3,4,6,4,6,-3,4,-3,-5,-3,4,-5,4,-3,-3,3,3,-3,-3,-3,5,-6,-4,-8,-5,-7,-4,-3,-3,-7,3,6,-7,-3,8
rhyhorn,-1,-1,-1,-5,-5,-4,-1,-1,-1,4,6,-5,4,6,6,4,6,8,4,6,4,6,6,8,4,6,8,-9,6,8,10,6,6,10,6,8,4,-3,5,-7,4,8,-1,-1,-1,6,8,6,-5,-3,-3,4,-7,-1,-1,4,-3,-5,-5,-1,-1,-1,4,-3,-3,-3,-3,-3,-1,-1,-1,-1,-1,-4,-3,-1,6,8,-3,-1,6,8,6,6,-7,-2,-1,6,10,-3,-1,-3,-3,-3,20,-3,-3,-5,-3,6,8,-1,10,-5,-4,4,8,10,8,10,-,-11,6,-1,-9,-1,-1,6,8,-1,-1,-3,-7,-1,6,-4,-7,8,4,-1,-1,6,6,-1,6,-3,8,-1,-1,-1,-1,-11,-5,-1,10,-9,6,8,-11,-3,-11
rhydon,-1,-1,-1,4,6,-5,-1,-1,-1,4,3,4,4,3,4,4,4,6,4,6,4,6,4,6,4,6,6,8,4,6,8,4,6,6,3,8,4,-5,3,6,4,6,-2,-1,-1,3,5,4,6,2,-3,4,6,-1,-1,4,-5,4,-5,-1,-1,-1,2,-3,-3,3,-4,-3,-1,-1,-1,-1,-1,-4,-4,-3,4,6,-4,-2,4,6,4,4,6,-3,-1,5,8,-3,-1,-5,-3,-3,16,4,-5,-5,-5,4,6,-1,8,5,-5,2,6,5,5,8,11,-,4,-1,8,-1,-1,4,6,-1,-1,4,6,-1,6,-5,8,6,4,-1,-1,4,4,-1,6,-5,6,-2,-1,-1,-1,10,7,-1,8,8,4,6,8,-3,8
chansey,5,6,7,-5,-3,-3,7,-7,-6,5,6,6,4,5,5,4,5,-5,-5,-3,4,5,6,-5,6,-5,-6,-3,7,-7,-5,6,-7,-5,5,-5,5,6,4,-4,6,-6,7,-8,-7,-6,-4,5,6,-3,-3,-3,-3,6,7,-3,-3,4,-3,-5,-5,-5,4,4,6,3,-2,-1,5,-5,-5,6,-7,-4,-4,-4,4,-5,-8,-7,7,-7,-3,-3,-3,5,-5,-6,-3,5,-7,-13,-11,-9,-9,5,-5,-5,-5,8,-7,7,-5,-8,-6,-3,-5,-6,-6,-3,-6,-4,-,-9,-3,8,6,-7,-5,6,-7,6,-3,-5,6,5,-3,-3,6,-4,-5,5,4,-5,5,-3,5,-10,-7,-3,-3,-3,-2,-7,-7,-3,6,-5,-3,-5,-5
tangela,7,10,-9,-3,-3,-3,3,3,6,6,7,10,5,7,8,7,-7,-7,4,-7,6,8,7,-5,6,-9,3,4,9,11,-9,7,10,-9,7,10,-3,-1,5,-6,7,-7,-8,-8,-6,7,-8,7,-11,2,4,6,-5,3,6,6,-7,-3,-3,4,4,6,4,6,-5,5,6,-6,7,-6,-5,-7,-7,1,1,1,-5,-5,3,5,7,12,-5,-5,-5,-4,-3,-4,-4,3,-3,-5,-5,-5,2,9,-7,1,4,6,10,11,-10,3,3,4,6,9,-6,-3,1,1,9,-,-7,4,6,4,6,4,6,-7,-5,-1,-9,-3,-5,-5,2,-7,-3,5,6,-5,-7,-1,7,1,3,1,2,-5,-4,-1,-7,-3,7,-11,-7,-5,-9
kangaskhan,3,3,-4,3,3,-3,3,-4,-4,3,3,3,3,3,3,3,3,6,3,4,3,4,3,5,4,-3,5,-6,3,5,5,3,3,5,3,5,3,-3,3,4,3,6,3,5,-4,3,5,3,6,2,4,4,4,3,-4,3,4,3,-3,4,-5,-4,2,4,-3,3,3,-4,3,3,-4,3,-3,-6,-6,-4,4,6,5,7,3,5,3,3,-5,3,-4,3,5,5,-4,-4,-3,-3,13,3,5,3,5,4,6,5,5,5,5,1,5,5,5,7,9,-8,3,7,-,3,-4,3,5,3,-5,4,-5,-3,-3,-3,5,5,3,-4,-4,3,3,-4,-3,3,4,-4,-4,-6,-4,-7,-4,-2,-3,-7,3,3,7,-3,8
horsea,-2,-1,-1,2,2,-3,5,7,-5,1,1,6,1,1,4,3,4,4,2,-3,2,4,3,4,-1,-1,1,2,3,3,4,3,4,4,3,-5,2,4,3,-4,3,6,-4,-2,-2,5,-4,3,6,2,2,-3,-3,5,-5,4,-3,2,-3,6,-5,-5,4,-3,-3,3,3,3,-2,-2,-1,-5,-3,1,1,1,2,3,7,-6,3,-3,-3,-3,-3,7,-5,3,-4,5,-5,-3,-3,-3,2,5,-3,3,-5,4,6,-4,-6,1,1,2,4,5,3,-3,1,1,-8,-3,-3,-,-5,6,-5,-5,-7,-5,-3,-5,-1,4,-3,-3,4,-5,-5,3,3,-5,-1,-3,3,3,5,3,-3,2,-2,-3,-1,-3,5,-5,-3,-3,-5
seadra,-4,-4,-2,1,1,2,5,5,7,1,1,3,1,1,3,1,3,4,1,4,1,4,1,3,2,-1,1,1,3,3,1,1,3,2,3,4,1,4,3,3,1,4,-4,-4,-4,5,-6,3,4,2,2,2,-3,5,8,1,4,1,2,4,6,7,4,4,-5,2,3,3,-4,-4,-2,-6,-5,1,1,1,2,2,5,9,3,-4,3,1,-3,5,-8,3,3,3,7,3,-5,-3,1,3,5,3,5,4,4,5,-10,1,1,1,1,3,3,3,1,1,-6,-6,4,5,-,5,7,6,8,4,4,4,-3,2,-3,4,3,-8,-8,3,3,-8,-1,2,3,3,5,1,3,2,-4,-5,-1,4,5,7,-6,-5,6
goldeen,-2,-2,-1,-5,-3,-3,7,-6,-5,5,7,-7,5,5,6,5,6,-5,-5,-3,4,-5,5,-7,-1,-1,-6,-3,7,-8,-5,5,-7,-5,6,-6,-5,-5,-4,-4,5,-7,-2,-2,-2,-6,-4,6,-7,-3,-3,-3,-3,7,-5,-5,-3,5,-3,6,-5,-5,4,-3,-3,5,-4,-4,-2,-2,-1,-5,-3,-4,-4,-4,-5,-5,-8,-6,-4,-3,-4,-3,-3,7,-5,-6,-4,7,-5,-3,-3,-3,-9,-6,-3,-6,-5,6,-7,-4,-6,-8,-6,-3,-5,-6,-6,-4,-6,-4,7,-4,-3,-6,-5,-,-5,-5,-7,-3,-3,-3,-1,-5,-3,-3,6,-5,-6,5,5,-3,-1,-3,7,-6,-4,-4,-3,-3,-2,-3,-1,-3,5,-5,-3,-3,-5
seaking,-4,-4,-3,5,-5,-5,5,7,-9,3,5,6,3,5,6,3,6,-7,4,-5,4,6,5,8,-3,-1,-6,-4,5,7,-7,5,5,-7,5,7,5,-7,4,-4,3,8,-4,-4,-4,5,-6,5,8,4,-3,4,-3,5,-9,4,-5,5,-5,6,-7,-7,4,4,-5,5,6,-4,-4,-4,-3,4,-7,-4,-4,-4,5,-5,7,-10,5,-3,-4,-5,-3,5,-7,-6,-6,5,-9,-5,-5,-5,-13,5,7,7,-5,6,8,-6,-8,7,-8,4,-7,-8,7,-6,-8,-6,5,-6,-5,5,-7,5,-,6,8,6,-3,6,-3,8,-3,-3,4,-5,-8,5,5,-8,-1,5,6,-10,-8,-6,-3,-5,-4,-5,-1,-5,5,-7,-5,-5,-7
staryu,-2,-2,-2,1,1,-3,5,7,-6,1,1,5,1,1,3,2,3,4,1,-3,1,-3,3,3,-1,-1,1,1,3,3,3,3,3,4,3,5,1,4,3,-4,3,-5,-4,-2,-2,5,-4,3,6,2,2,-3,-3,5,-5,3,-3,1,-3,-5,-5,-4,4,-3,-3,3,3,3,-2,-2,-2,-6,-3,1,1,1,2,2,-6,-6,3,-4,3,3,-3,7,-6,3,-4,4,-6,-4,-3,-3,1,5,-4,3,-4,4,6,-4,-6,1,1,1,3,5,3,-4,1,1,-6,-4,-3,5,-5,5,-6,-,-5,-5,-3,-5,-1,4,-3,-3,3,-4,-4,3,3,-6,-1,3,3,3,5,3,3,2,-2,-3,-1,-3,5,-6,-4,-3,-3
starmie,-4,-4,-4,3,3,5,7,9,-10,3,3,6,3,3,5,3,5,7,3,5,3,5,3,7,3,-2,1,3,5,5,5,5,5,3,5,7,3,5,5,-4,3,7,-4,-4,-4,5,-6,5,7,1,-3,3,-3,5,9,3,5,3,3,5,7,-8,3,5,6,5,5,-6,-4,-4,-4,5,-8,1,1,1,3,3,9,-10,5,-4,-4,3,-4,7,-8,5,-6,7,-10,9,-10,-10,1,5,9,5,-6,5,8,-6,-8,3,3,1,3,7,5,-6,1,1,7,-6,5,7,-8,7,-8,5,-,7,-4,5,-4,3,-4,5,5,-8,-8,5,5,-8,-1,4,6,7,-8,3,-4,4,-4,-6,-2,5,5,7,-6,-7,-8
mr. mime,3,3,3,3,5,-3,3,5,-4,3,3,5,1,1,2,3,4,-5,3,-3,3,5,1,3,4,-3,3,-4,1,3,3,1,3,3,5,-6,5,-3,3,-4,1,4,3,3,3,3,5,1,4,-3,-3,-3,-3,5,-4,1,-3,5,-3,4,-5,3,6,-7,-7,1,3,3,3,3,3,3,-3,3,3,-4,4,-5,-8,-8,5,7,-4,3,-3,5,-4,3,3,3,-4,3,6,6,3,9,-6,3,5,4,6,-8,-6,3,5,1,1,5,3,3,3,-4,-6,7,-3,5,-4,3,-6,5,-7,-,-3,-3,-5,-3,-4,-3,1,-4,-4,3,4,-4,-3,-4,5,-4,-4,3,-4,-5,-2,-4,-3,-3,3,5,-6,-5,-5
scyther,3,3,4,3,-2,-2,3,3,-4,1,3,3,1,3,3,3,3,5,1,3,1,3,3,3,1,-2,3,5,3,3,5,3,3,5,3,4,1,-2,3,3,1,3,3,3,5,1,1,3,3,1,4,1,-3,3,-4,1,3,3,-2,3,3,-4,1,2,-3,3,3,5,3,3,3,1,3,-4,-4,-4,3,-3,3,5,3,3,3,3,3,3,-2,3,-4,3,-2,-4,-4,-3,-6,3,3,3,5,3,4,3,5,3,5,1,3,5,3,-4,7,-6,3,5,5,3,-4,3,3,3,4,3,-,-2,-1,-2,-4,4,2,-4,-2,3,3,-4,-1,-2,3,-4,-4,-6,-4,-3,-4,-2,-2,-4,3,3,5,-3,5
jynx,1,1,1,1,3,2,3,5,-6,1,1,1,1,1,2,1,1,1,1,-3,1,2,1,3,1,-3,1,1,1,3,1,1,3,1,3,3,3,-1,2,3,1,1,1,1,1,1,1,1,3,2,2,1,-3,3,-6,1,-3,3,-3,3,5,-4,3,4,4,1,3,3,1,1,1,-4,-3,1,1,1,3,-3,5,-6,3,3,1,1,2,5,-6,3,3,3,-6,3,4,4,1,3,5,3,-4,2,4,1,3,1,1,1,1,3,3,3,1,1,5,1,3,5,-4,3,-6,5,-5,3,2,-,4,3,3,-3,1,-4,-4,1,3,-4,-3,-2,3,5,-4,3,-4,2,-2,5,-3,3,1,1,1,-3,-3
electabuzz,-6,-6,-4,3,3,3,1,1,3,1,1,3,1,1,3,1,1,2,1,3,1,1,3,3,5,-6,-6,-4,3,3,-6,3,3,-6,3,5,3,-4,3,4,1,3,7,-6,-6,5,-6,3,5,-2,-1,3,-3,1,3,3,3,3,-4,1,1,3,3,-5,-5,3,3,3,5,-4,-4,3,3,-2,-2,-2,3,4,1,3,7,9,1,1,1,1,3,3,-4,1,1,5,-6,-3,-10,5,-6,1,1,5,8,7,-6,-4,-4,1,3,3,3,5,-6,-6,-6,9,3,1,3,1,3,1,4,5,2,-4,-,-4,3,-3,1,1,3,3,3,3,-5,-4,3,1,3,1,1,2,-4,3,7,3,5,7,5,-5,5
magmar,1,1,3,5,-6,-3,-4,-4,-2,1,1,1,1,1,1,1,3,3,1,-3,1,4,1,3,3,-3,1,3,3,3,5,3,3,3,3,4,5,-7,3,3,1,3,1,1,3,1,1,1,2,-1,-1,1,-3,-4,-4,1,4,5,-5,3,-4,-4,3,-5,-5,3,3,3,1,1,3,-2,-1,-2,-2,-2,5,-5,5,-6,3,5,3,1,-3,7,-4,3,-4,3,3,5,-5,-3,3,3,5,3,5,4,4,1,3,3,3,1,1,3,3,3,4,5,-5,3,3,-4,-2,5,-8,-4,-3,3,2,-3,4,-,1,-3,3,-2,-2,3,3,-2,-3,-4,3,-4,-2,-4,-4,-5,-4,3,-3,-4,5,7,-6,-5,-5
pinsir,3,3,3,1,-2,-1,3,3,-4,1,3,3,1,3,3,1,3,4,1,4,1,4,1,3,2,-3,3,5,3,3,5,1,3,4,3,3,1,-1,2,3,1,4,3,3,3,3,3,3,4,2,2,2,4,3,-3,1,4,3,-1,2,4,-4,2,2,-3,3,3,5,1,3,3,1,-3,7,-8,-6,-3,-3,3,5,3,3,3,1,4,3,-4,3,-4,3,-4,-4,-3,-3,9,3,3,3,5,4,4,3,5,3,5,1,3,3,3,-4,7,-8,3,5,-5,3,-3,3,3,-3,4,4,4,-3,-3,-1,-,4,1,-4,-4,3,3,-4,-3,-2,3,-4,-4,5,-4,-5,-4,-1,-3,-3,1,3,5,-3,6
tauros,3,3,-4,3,3,-4,3,3,-4,2,3,3,1,3,3,2,3,3,1,3,1,3,3,3,1,3,3,-4,3,3,5,3,3,5,3,4,3,3,3,3,1,3,3,3,-4,3,3,3,3,1,-3,1,-3,3,-4,1,3,3,-4,3,3,-4,1,1,-3,3,3,3,3,3,3,1,3,-6,-4,-4,3,3,5,-6,3,5,3,3,3,3,-4,3,5,3,-4,-6,-6,-3,11,3,5,3,5,3,4,3,5,5,5,1,3,5,3,5,8,-6,3,5,5,3,-4,3,3,3,-5,3,-4,3,3,3,-4,-,3,-4,-4,3,3,-4,-3,3,3,-4,-4,-6,-4,-5,-4,-3,-4,5,3,3,5,-3,5
magikarp,-2,-2,-1,-4,-3,-3,-4,-4,-4,-10,-11,-4,-8,-10,-6,-6,-6,-3,-4,-3,-6,-3,-6,-5,-1,-1,-4,-4,-8,-6,-4,-6,-6,-3,-6,-5,-4,-2,-4,-2,-7,-5,-2,-2,-2,-4,-4,-6,-3,-3,-1,-3,-1,-4,-3,-4,-3,-4,-3,-3,-3,-4,8,-1,-1,-4,-4,-4,-2,-2,-2,-3,-1,-4,-2,-2,-3,-3,-4,-4,-2,-2,-2,-4,-1,-4,-4,-4,-4,-6,-4,-1,-1,-1,-8,-4,-2,-4,-4,-7,-5,-2,-4,-6,-4,-3,-4,-4,-4,-4,-4,-4,-6,-2,-3,-4,-3,-6,-4,-3,-5,-1,-2,-1,-1,-3,-1,-3,-,-3,-4,-6,-4,-2,-1,-2,-6,-4,-2,-4,-1,-3,-2,-1,-1,-3,-6,-5,-3,-1,-3
gyarados,3,5,-6,1,1,2,5,5,7,1,1,3,1,1,3,1,3,4,1,4,1,4,1,3,-1,-1,1,1,1,3,1,1,3,2,3,3,1,4,3,3,1,4,3,5,7,3,5,2,4,2,2,2,4,3,8,1,4,1,2,4,6,7,2,4,4,3,3,3,3,5,5,3,6,1,1,1,2,2,5,7,3,-4,3,1,4,5,-6,3,3,3,-6,3,-5,-5,1,3,5,3,5,4,4,5,7,1,1,2,1,3,3,3,1,1,4,7,4,5,8,5,5,4,8,4,4,4,-1,2,4,4,3,-,-6,2,3,7,-1,2,3,3,5,1,3,2,4,-3,-1,4,3,5,7,-5,6
lapras,1,2,-3,2,2,4,5,5,10,1,1,2,1,1,4,1,2,2,2,4,2,2,1,4,4,-3,1,2,3,3,2,1,4,2,3,4,2,4,3,3,1,2,1,1,3,1,1,3,6,2,2,2,4,5,8,2,4,2,4,4,6,8,2,4,6,2,3,3,1,1,-3,4,8,1,1,1,2,2,5,9,3,-5,2,2,2,5,7,3,3,3,6,6,-7,-7,2,3,6,3,6,4,4,1,3,1,1,2,2,3,3,4,1,1,5,4,4,6,8,6,8,4,8,4,2,4,-3,2,4,4,4,6,-,3,3,8,-3,4,3,3,5,1,4,2,4,6,-3,4,1,2,2,-7,6
ditto,-4,-3,-3,-3,-3,-3,-4,-3,-3,5,7,-5,6,6,-5,-5,-5,-4,-3,-3,4,-3,-5,-5,-3,-3,-4,-3,7,-6,-3,-5,-5,-5,-6,-5,-3,-2,-4,-3,6,-5,-4,-4,-3,-5,-4,7,-5,-3,-3,-3,-3,-3,-3,-3,-2,-3,-3,-3,-3,-3,4,-3,-3,-2,-2,-1,-4,-3,-3,-2,-1,-4,-4,-2,-4,-3,-6,-6,-6,-4,-3,-3,-3,-4,-3,-4,-3,-6,-3,-3,-3,-3,-7,-4,-3,-4,-3,-7,-6,-6,-5,-6,-5,-3,-3,-6,-4,-3,-6,-4,-5,-5,-3,-3,-3,-5,-5,-3,-5,-3,-3,-1,-3,-3,-3,-3,6,-2,-3,-,-3,-1,-2,-2,-6,-4,-1,-3,-3,-3,-2,-1,-1,-3,-5,-5,-3,-3,-3
eevee,-4,-3,-3,-3,-3,-3,-4,-3,-3,3,5,6,3,3,4,4,-5,-4,-3,-3,4,-3,4,-5,-3,-3,-4,-3,5,6,-4,3,-5,-5,5,-5,-3,-3,3,-3,4,-5,-4,-4,-4,-4,-4,5,6,-3,-3,-3,-3,-3,-3,-3,-2,-3,-3,4,-3,-3,2,-3,-3,-2,-2,-1,3,-3,-3,-3,-3,-4,-4,-3,4,-3,-6,-6,5,-5,-3,-3,-3,5,-3,-4,-4,5,-3,-3,-3,-3,-9,5,-4,-4,-3,4,6,-6,-5,-6,-5,-3,-4,-5,-5,-3,-6,-4,-4,-6,-3,-3,-3,-5,-5,-3,-5,-4,-3,-3,-3,-3,-3,-3,4,-3,-3,3,-,-3,-3,-3,5,-4,-3,-3,-3,-3,-2,-1,-3,-3,3,-5,-3,-3,-4
vaporeon,3,3,-3,2,2,2,3,5,8,1,1,4,1,1,3,1,3,4,2,4,2,4,1,4,2,-3,1,2,1,3,2,1,4,2,3,3,2,2,2,3,1,4,3,3,5,3,3,1,4,2,2,2,4,5,6,2,4,1,2,4,6,-7,4,4,6,1,3,3,3,3,-3,6,-9,1,1,1,2,2,5,7,3,4,3,2,4,5,8,3,3,3,6,6,6,-7,2,3,6,3,6,4,4,3,5,1,1,2,2,3,3,3,1,1,5,5,4,5,8,3,8,6,8,4,4,4,-3,2,4,4,2,-7,-8,1,3,-,-3,2,3,3,5,1,4,2,3,6,-3,4,3,4,4,-7,6
jolteon,5,-6,-6,1,3,1,1,1,1,1,1,1,1,1,3,1,1,1,1,3,1,1,1,3,3,5,-6,-4,1,3,-6,1,3,-6,3,3,3,5,2,3,1,1,5,7,-6,5,-6,2,3,-2,-2,1,3,1,1,1,3,3,3,1,1,1,3,3,5,2,3,3,5,5,-4,1,3,-2,-2,-2,3,3,1,1,5,7,1,1,1,1,3,3,3,1,1,3,5,-6,-10,3,5,1,1,5,8,5,-6,-4,-4,1,1,3,3,3,-6,-6,5,7,3,1,1,1,1,1,1,3,1,3,5,3,3,3,1,1,3,2,3,3,-,5,3,1,3,1,1,2,4,3,5,3,3,5,5,-5,5
flareon,1,1,2,4,4,-3,3,-4,-3,1,1,2,1,1,2,1,3,4,2,4,2,4,1,4,2,4,1,-3,1,3,4,1,4,4,3,3,4,6,2,3,1,4,1,1,3,1,1,1,2,-1,-1,2,-3,3,-3,2,4,3,-4,-3,-3,-3,2,4,4,1,3,3,1,1,4,-2,-1,-2,-2,-2,4,4,5,-6,3,4,3,2,-3,3,-5,3,3,3,4,6,-5,-5,4,3,6,3,-5,4,4,1,3,1,3,2,2,3,3,3,3,5,3,1,-3,3,-2,3,-5,-3,-4,4,2,2,4,4,2,-3,2,-2,-4,2,3,-2,-5,-,3,-4,-2,-4,-3,-5,3,-3,-3,-3,3,-5,-4,-5,-5
porygon,-5,-3,-3,-5,-4,-3,-5,-4,-3,6,6,8,4,5,6,6,6,-5,-5,-4,4,-5,6,-7,-4,-3,-5,-3,8,-8,-5,6,-7,-6,6,-7,-4,-3,-4,-3,6,-7,-6,-5,-4,5,-6,6,-7,-3,-3,-3,-3,-5,-3,-3,-3,-5,-3,-5,-5,-3,4,-4,-4,-4,-3,-1,-5,-3,-3,-3,-3,-4,-4,-3,-5,-5,-8,-7,-7,-5,-3,-3,-3,-5,-3,-6,-4,-7,-3,-5,-3,-3,-11,-5,-5,-5,-5,6,-8,-7,-6,-8,-5,4,-5,-6,-6,-5,-8,-5,-5,-7,-4,-3,-3,-7,-6,-3,-6,-5,-3,-3,-3,-3,-3,-3,6,-3,-3,6,-5,-3,-3,-3,-,-4,-3,-5,-3,-5,-4,-3,-3,-5,6,-6,-5,-3,-5
omanyte,-1,-1,-1,2,2,4,-5,-5,-3,2,1,4,2,2,4,2,4,4,2,4,2,4,2,4,-3,-1,2,2,4,4,4,4,4,4,4,6,2,4,3,4,4,4,-2,-1,-1,5,7,4,6,2,-1,4,4,-5,-3,2,-3,2,4,-5,-5,-3,4,-5,-3,3,-3,-1,-1,-1,-1,-3,-3,1,-1,-1,2,2,5,-8,-3,-3,4,2,4,8,-7,3,6,6,-7,-5,-3,-3,2,6,-5,4,6,4,4,-1,-13,2,2,2,4,3,4,6,1,2,10,-1,4,-3,-3,6,10,-3,-7,4,4,-5,-1,4,4,4,4,-3,-3,4,4,-3,-1,4,4,-,-3,4,-3,2,5,-5,-1,4,6,8,-11,-3,6
omastar,-2,-1,-1,2,2,2,3,6,-5,1,1,4,1,1,4,2,4,4,2,4,2,4,2,4,2,-3,1,2,1,4,2,1,4,2,3,4,2,2,3,3,2,4,-2,-2,-2,3,5,1,4,2,2,2,4,6,-5,2,4,2,2,4,6,-5,4,4,6,1,3,-3,-2,-1,-1,-5,-3,1,1,1,2,2,5,7,3,4,4,2,4,5,-9,3,3,3,6,4,-5,-5,2,3,6,3,6,2,4,-4,12,1,1,2,2,3,3,4,1,1,7,-3,4,-5,-5,4,8,-5,8,4,4,4,-3,2,4,4,2,-5,-5,1,4,-5,-3,2,3,3,-,2,4,2,5,6,-3,4,3,6,10,-5,6
kabuto,-2,-1,-1,2,4,4,3,-3,-1,3,3,4,3,3,4,4,4,6,4,4,4,5,4,6,-1,-1,1,4,3,6,4,3,4,4,3,6,4,4,3,5,4,6,-2,-2,-2,3,5,3,-5,-1,-1,4,-5,-3,-3,-3,-3,4,4,-3,-3,-3,2,-3,-3,3,4,-1,-2,-1,-1,-1,-1,1,1,1,4,4,5,-6,3,-1,4,4,-5,3,-3,5,7,5,-3,-3,-3,-1,2,3,-3,5,8,4,6,-2,8,1,3,2,4,5,5,8,1,1,3,-1,6,-3,-1,4,6,-3,-3,-3,6,-3,-1,4,-5,6,4,-1,-1,3,4,-1,-1,4,5,-4,-1,-,-3,4,-6,-3,-1,6,3,6,8,-3,8
kabutops,-2,-2,-1,1,2,4,3,3,-4,1,1,3,1,1,3,1,3,4,1,4,1,4,1,4,2,-1,1,1,3,3,3,3,3,4,3,5,1,4,3,3,1,4,-2,-2,-2,3,3,3,4,2,2,2,4,3,-3,1,-3,1,4,2,4,-4,2,2,4,3,3,3,1,-2,-2,1,-3,1,1,1,2,3,3,5,3,3,3,3,4,3,5,3,5,3,7,-5,-3,-3,1,3,3,3,5,4,4,-2,5,1,1,2,3,5,3,5,1,1,3,-2,4,3,-3,3,3,-3,4,4,4,4,-1,4,4,4,2,-3,-4,3,3,-4,-1,3,3,3,-4,3,-,2,5,-5,-1,4,3,3,6,-3,6
aerodactyl,3,3,-4,3,5,5,-4,-2,-2,2,3,3,1,3,3,3,4,5,3,5,3,5,3,5,3,-2,5,7,3,5,7,3,5,5,3,5,3,5,3,5,3,5,3,3,5,1,1,3,3,1,3,3,5,3,-2,1,3,3,-6,3,-3,-2,1,3,3,3,3,3,3,3,3,-2,-2,-6,-6,-6,3,5,5,-4,3,-4,3,3,5,-4,-2,5,7,-4,-2,5,-4,-4,-8,3,5,5,7,3,6,3,5,5,7,1,3,7,5,7,11,-10,3,5,7,-2,-2,3,5,-2,-4,5,3,-2,-2,5,5,5,3,-2,-2,3,3,-2,-1,5,5,-2,-2,-4,-2,-,-5,-2,-2,7,3,5,7,-3,9
snorlax,2,4,4,2,4,4,2,4,4,2,2,2,2,2,2,2,2,4,2,4,2,3,2,4,2,4,4,4,2,4,4,2,4,4,2,4,2,4,1,4,2,4,2,4,4,1,4,2,4,2,2,2,4,2,4,2,-3,2,4,2,4,4,2,2,2,2,3,-3,2,2,4,2,-3,5,-5,-5,2,3,3,6,2,4,2,2,4,4,4,3,4,4,-5,-7,-5,-5,8,2,4,4,4,2,4,4,4,4,4,2,4,4,4,4,5,-7,2,4,4,2,4,2,4,2,4,2,4,2,4,4,4,4,2,4,4,2,2,-3,4,-3,4,-5,-5,6,-5,5,-,-3,-3,4,2,4,4,4,4
articuno,1,1,1,1,3,2,3,5,5,1,1,1,1,1,1,1,1,2,1,2,1,2,1,3,2,-3,1,1,1,1,1,1,1,2,3,3,1,-3,1,3,1,2,1,1,1,1,1,1,4,2,2,2,4,3,6,1,4,1,-3,4,4,5,4,4,4,1,1,3,1,1,1,5,-5,1,1,1,2,4,3,5,3,3,1,1,2,5,-6,1,3,3,-8,3,4,6,1,3,3,1,3,2,4,1,3,1,1,1,1,3,1,3,1,1,7,1,2,3,-5,3,5,4,6,4,2,-5,-3,-3,2,3,1,3,-6,1,1,-6,-3,3,3,5,-6,3,5,2,3,-,-3,4,1,1,1,6,4
zapdos,5,7,9,1,3,2,1,1,1,1,1,1,1,1,3,1,1,1,1,4,1,2,1,3,3,-5,-7,-6,1,3,-8,1,3,-8,3,3,3,4,2,3,1,1,5,7,7,3,7,1,3,4,-5,1,4,1,1,1,4,3,4,1,1,1,3,4,6,1,3,3,5,7,9,1,4,-8,-7,-6,3,4,1,1,5,7,1,1,2,1,3,3,3,1,1,3,6,-7,-10,3,5,1,1,6,8,5,-10,9,-10,1,1,3,3,3,-10,-8,7,7,3,1,1,1,1,1,2,3,2,-3,-7,3,3,4,1,1,3,1,3,3,-5,3,3,1,3,1,1,2,3,3,-,3,3,5,5,-7,6
moltres,1,2,3,3,3,-5,3,-4,-4,1,1,1,1,1,1,3,3,6,3,4,3,4,3,5,-3,-3,5,-6,3,5,7,3,3,5,3,5,3,6,3,5,3,6,1,3,3,1,1,1,3,2,4,4,-5,3,-4,1,4,3,6,4,-5,3,2,4,4,1,3,3,1,1,3,3,-3,-4,-4,-4,4,4,5,7,5,-6,3,3,-5,3,-4,5,7,5,-4,3,6,-7,-6,3,5,5,7,6,8,3,3,5,7,1,3,5,5,7,9,-8,3,3,-7,3,-4,3,5,3,-5,4,4,-3,-3,4,3,-5,3,-4,-4,3,3,-4,-3,3,5,-4,-4,-6,-4,-7,-4,-4,-3,-,3,5,7,-7,8
dratini,7,-5,-5,-3,-3,-3,7,-5,-5,5,7,-7,5,5,6,6,-5,-5,-3,-3,4,-3,6,-5,6,-5,-4,-3,7,-7,-3,6,-5,-5,6,-5,-5,-3,-4,-4,6,-5,7,-8,-5,-6,-4,6,-7,-3,-3,-3,-3,-7,-5,-3,-3,-5,-3,-5,-5,-3,4,-3,-3,-4,-4,-3,5,-5,-5,-5,-3,-4,-4,-2,-3,-3,-6,-6,7,-7,-3,-3,-3,-4,-1,-4,-3,-4,-1,-3,-3,-3,-7,-6,-3,-3,-3,8,-7,9,-5,-6,-6,-3,-3,-6,-4,-3,-6,-4,-5,-7,-3,-5,-5,-5,-5,-5,-5,-3,-3,-1,-5,-5,-1,-3,6,-3,-1,5,-3,-3,-3,-3,-6,-6,-3,-3,-3,-3,-2,-1,-3,-3,-,-5,-3,-3,-3
dragonair,5,7,-7,5,-5,-3,7,7,-7,4,5,6,3,5,6,4,6,-5,4,-5,4,-5,5,-7,4,-7,-6,-4,5,7,-5,5,7,-7,5,7,5,-5,5,-4,5,-7,5,7,-8,5,-6,5,8,-3,-3,-3,-3,5,-7,-5,-5,5,-5,6,-7,-5,4,4,-5,5,-6,-4,5,7,-7,-5,-5,-4,-4,-4,-5,-5,9,-8,5,-9,-4,-3,-3,-4,-1,-6,-6,-6,-1,-5,-3,-3,-11,5,-6,-6,-5,6,8,7,-8,-8,-6,-3,-5,-8,-6,-6,-8,-6,5,11,-3,5,-7,5,7,6,-7,-5,-3,-1,-7,-7,-3,-3,5,-5,-2,5,5,-4,-5,5,6,-8,-6,-6,-3,-5,-4,-1,-5,-5,5,-,-5,-3,-5
dragonite,3,5,6,3,6,-7,5,5,7,3,3,3,3,3,3,3,4,6,3,6,3,5,3,6,4,-5,5,-6,3,5,7,3,5,8,5,5,3,6,3,5,3,6,3,5,7,3,5,3,6,2,4,4,-5,3,8,3,6,3,6,4,6,7,2,4,4,5,5,7,3,5,5,3,6,-10,-8,-8,4,6,5,9,3,5,3,3,-5,-4,-2,5,7,-4,-2,-7,-5,-5,-12,3,5,5,7,4,6,5,7,5,7,2,5,7,5,7,11,-8,3,7,-7,3,6,3,5,4,6,6,-5,-1,-5,6,-5,-5,4,-7,-2,3,3,-4,-5,4,5,11,-10,-8,-5,-7,-4,-1,-5,-7,3,5,-,-5,-9
mewtwo,1,1,3,3,3,5,3,3,5,1,1,3,1,1,1,2,3,3,1,3,1,3,1,1,3,5,3,3,1,1,3,1,1,3,3,5,3,5,3,4,1,3,1,3,3,3,3,1,3,1,3,3,3,3,5,1,1,3,5,3,3,3,2,3,4,1,1,3,1,3,3,3,3,1,3,3,3,3,7,9,3,5,3,1,3,3,5,1,3,3,3,1,3,3,1,5,7,1,3,3,4,7,9,3,3,1,1,3,1,3,3,3,5,5,3,3,5,3,5,3,7,5,3,3,5,5,3,3,1,5,7,3,3,7,6,5,3,3,5,3,3,4,-4,-6,7,7,3,3,5,-,9
mew,5,5,-6,3,5,-5,5,7,-6,3,5,5,3,5,4,3,5,7,3,5,3,6,3,5,3,-5,7,-6,5,7,9,3,5,7,5,7,3,-5,3,5,3,7,5,5,7,5,7,5,5,3,4,3,-5,5,-6,3,5,5,-6,3,5,-8,2,4,6,5,7,7,3,5,-6,3,-5,-6,-6,-6,4,6,7,11,5,7,5,3,-5,5,-6,5,-8,7,-6,-14,-14,-11,19,5,7,5,9,6,6,7,9,7,9,3,7,7,7,-8,11,-8,5,9,-8,5,-6,5,7,3,8,5,-5,3,-5,5,-6,-5,3,-6,-6,3,4,-6,-5,5,5,-6,-6,-8,-6,-9,-4,-4,-6,-8,3,5,9,-9,-
