,off_type,def_type1,def_type2,multiplier,sorted_type_pairs
0,Normal,Normal,,1.0,NormalvsNormal
1,Normal,Normal,Fighting,1.0,NormalvsFightingNormal
2,Normal,Normal,Poison,1.0,NormalvsNormalPoison
3,Normal,Normal,Ground,1.0,NormalvsGroundNormal
4,Normal,Normal,Flying,1.0,NormalvsFlyingNormal
5,Normal,Normal,Bug,1.0,NormalvsBugNormal
6,Normal,Normal,Rock,0.5,NormalvsNormalRock
7,Normal,Normal,Ghost,0.0,NormalvsGhostNormal
8,Normal,Normal,Fire,1.0,NormalvsFireNormal
9,Normal,Normal,Water,1.0,NormalvsNormalWater
10,Normal,Normal,Grass,1.0,NormalvsGrassNormal
11,Normal,Normal,Electric,1.0,NormalvsElectricNormal
12,Normal,Normal,Ice,1.0,NormalvsIceNormal
13,Normal,Normal,Psychic,1.0,NormalvsNormalPsychic
14,Normal,Normal,Dragon,1.0,NormalvsDragonNormal
15,Normal,Fighting,,1.0,NormalvsFighting
17,Normal,Fighting,Poison,1.0,NormalvsFightingPoison
18,Normal,Fighting,Ground,1.0,NormalvsFightingGround
19,Normal,Fighting,Flying,1.0,NormalvsFightingFlying
20,Normal,Fighting,Bug,1.0,NormalvsBugFighting
21,Normal,Fighting,Rock,0.5,NormalvsFightingRock
22,Normal,Fighting,Ghost,0.0,NormalvsFightingGhost
23,Normal,Fighting,Fire,1.0,NormalvsFightingFire
24,Normal,Fighting,Water,1.0,NormalvsFightingWater
25,Normal,Fighting,Grass,1.0,NormalvsFightingGrass
26,Normal,Fighting,Electric,1.0,NormalvsElectricFighting
27,Normal,Fighting,Ice,1.0,NormalvsFightingIce
28,Normal,Fighting,Psychic,1.0,NormalvsFightingPsychic
29,Normal,Fighting,Dragon,1.0,NormalvsDragonFighting
30,Normal,Poison,,1.0,NormalvsPoison
33,Normal,Poison,Ground,1.0,NormalvsGroundPoison
34,Normal,Poison,Flying,1.0,NormalvsFlyingPoison
35,Normal,Poison,Bug,1.0,NormalvsBugPoison
36,Normal,Poison,Rock,0.5,NormalvsPoisonRock
37,Normal,Poison,Ghost,0.0,NormalvsGhostPoison
38,Normal,Poison,Fire,1.0,NormalvsFirePoison
39,Normal,Poison,Water,1.0,NormalvsPoisonWater
40,Normal,Poison,Grass,1.0,NormalvsGrassPoison
41,Normal,Poison,Electric,1.0,NormalvsElectricPoison
42,Normal,Poison,Ice,1.0,NormalvsIcePoison
43,Normal,Poison,Psychic,1.0,NormalvsPoisonPsychic
44,Normal,Poison,Dragon,1.0,NormalvsDragonPoison
45,Normal,Ground,,1.0,NormalvsGround
49,Normal,Ground,Flying,1.0,NormalvsFlyingGround
50,Normal,Ground,Bug,1.0,NormalvsBugGround
51,Normal,Ground,Rock,0.5,NormalvsGroundRock
52,Normal,Ground,Ghost,0.0,NormalvsGhostGround
53,Normal,Ground,Fire,1.0,NormalvsFireGround
54,Normal,Ground,Water,1.0,NormalvsGroundWater
55,Normal,Ground,Grass,1.0,NormalvsGrassGround
56,Normal,Ground,Electric,1.0,NormalvsElectricGround
57,Normal,Ground,Ice,1.0,NormalvsGroundIce
58,Normal,Ground,Psychic,1.0,NormalvsGroundPsychic
59,Normal,Ground,Dragon,1.0,NormalvsDragonGround
60,Normal,Flying,,1.0,NormalvsFlying
65,Normal,Flying,Bug,1.0,NormalvsBugFlying
66,Normal,Flying,Rock,0.5,NormalvsFlyingRock
67,Normal,Flying,Ghost,0.0,NormalvsFlyingGhost
68,Normal,Flying,Fire,1.0,NormalvsFireFlying
69,Normal,Flying,Water,1.0,NormalvsFlyingWater
70,Normal,Flying,Grass,1.0,NormalvsFlyingGrass
71,Normal,Flying,Electric,1.0,NormalvsElectricFlying
72,Normal,Flying,Ice,1.0,NormalvsFlyingIce
73,Normal,Flying,Psychic,1.0,NormalvsFlyingPsychic
74,Normal,Flying,Dragon,1.0,NormalvsDragonFlying
75,Normal,Bug,,1.0,NormalvsBug
81,Normal,Bug,Rock,0.5,NormalvsBugRock
82,Normal,Bug,Ghost,0.0,NormalvsBugGhost
83,Normal,Bug,Fire,1.0,NormalvsBugFire
84,Normal,Bug,Water,1.0,NormalvsBugWater
85,Normal,Bug,Grass,1.0,NormalvsBugGrass
86,Normal,Bug,Electric,1.0,NormalvsBugElectric
87,Normal,Bug,Ice,1.0,NormalvsBugIce
88,Normal,Bug,Psychic,1.0,NormalvsBugPsychic
89,Normal,Bug,Dragon,1.0,NormalvsBugDragon
90,Normal,Rock,,0.5,NormalvsRock
97,Normal,Rock,Ghost,0.0,NormalvsGhostRock
98,Normal,Rock,Fire,0.5,NormalvsFireRock
99,Normal,Rock,Water,0.5,NormalvsRockWater
100,Normal,Rock,Grass,0.5,NormalvsGrassRock
101,Normal,Rock,Electric,0.5,NormalvsElectricRock
102,Normal,Rock,Ice,0.5,NormalvsIceRock
103,Normal,Rock,Psychic,0.5,NormalvsPsychicRock
104,Normal,Rock,Dragon,0.5,NormalvsDragonRock
105,Normal,Ghost,,0.0,NormalvsGhost
113,Normal,Ghost,Fire,0.0,NormalvsFireGhost
114,Normal,Ghost,Water,0.0,NormalvsGhostWater
115,Normal,Ghost,Grass,0.0,NormalvsGhostGrass
116,Normal,Ghost,Electric,0.0,NormalvsElectricGhost
117,Normal,Ghost,Ice,0.0,NormalvsGhostIce
118,Normal,Ghost,Psychic,0.0,NormalvsGhostPsychic
119,Normal,Ghost,Dragon,0.0,NormalvsDragonGhost
120,Normal,Fire,,1.0,NormalvsFire
129,Normal,Fire,Water,1.0,NormalvsFireWater
130,Normal,Fire,Grass,1.0,NormalvsFireGrass
131,Normal,Fire,Electric,1.0,NormalvsElectricFire
132,Normal,Fire,Ice,1.0,NormalvsFireIce
133,Normal,Fire,Psychic,1.0,NormalvsFirePsychic
134,Normal,Fire,Dragon,1.0,NormalvsDragonFire
135,Normal,Water,,1.0,NormalvsWater
145,Normal,Water,Grass,1.0,NormalvsGrassWater
146,Normal,Water,Electric,1.0,NormalvsElectricWater
147,Normal,Water,Ice,1.0,NormalvsIceWater
148,Normal,Water,Psychic,1.0,NormalvsPsychicWater
149,Normal,Water,Dragon,1.0,NormalvsDragonWater
150,Normal,Grass,,1.0,NormalvsGrass
161,Normal,Grass,Electric,1.0,NormalvsElectricGrass
162,Normal,Grass,Ice,1.0,NormalvsGrassIce
163,Normal,Grass,Psychic,1.0,NormalvsGrassPsychic
164,Normal,Grass,Dragon,1.0,NormalvsDragonGrass
165,Normal,Electric,,1.0,NormalvsElectric
177,Normal,Electric,Ice,1.0,NormalvsElectricIce
178,Normal,Electric,Psychic,1.0,NormalvsElectricPsychic
179,Normal,Electric,Dragon,1.0,NormalvsDragonElectric
180,Normal,Ice,,1.0,NormalvsIce
193,Normal,Ice,Psychic,1.0,NormalvsIcePsychic
194,Normal,Ice,Dragon,1.0,NormalvsDragonIce
195,Normal,Psychic,,1.0,NormalvsPsychic
209,Normal,Psychic,Dragon,1.0,NormalvsDragonPsychic
210,Normal,Dragon,,1.0,NormalvsDragon
225,Fighting,Normal,,2.0,FightingvsNormal
226,Fighting,Normal,Fighting,2.0,FightingvsFightingNormal
227,Fighting,Normal,Poison,1.0,FightingvsNormalPoison
228,Fighting,Normal,Ground,2.0,FightingvsGroundNormal
229,Fighting,Normal,Flying,1.0,FightingvsFlyingNormal
230,Fighting,Normal,Bug,1.0,FightingvsBugNormal
231,Fighting,Normal,Rock,4.0,FightingvsNormalRock
232,Fighting,Normal,Ghost,0.0,FightingvsGhostNormal
233,Fighting,Normal,Fire,2.0,FightingvsFireNormal
234,Fighting,Normal,Water,2.0,FightingvsNormalWater
235,Fighting,Normal,Grass,2.0,FightingvsGrassNormal
236,Fighting,Normal,Electric,2.0,FightingvsElectricNormal
237,Fighting,Normal,Ice,4.0,FightingvsIceNormal
238,Fighting,Normal,Psychic,1.0,FightingvsNormalPsychic
239,Fighting,Normal,Dragon,2.0,FightingvsDragonNormal
240,Fighting,Fighting,,1.0,FightingvsFighting
242,Fighting,Fighting,Poison,0.5,FightingvsFightingPoison
243,Fighting,Fighting,Ground,1.0,FightingvsFightingGround
244,Fighting,Fighting,Flying,0.5,FightingvsFightingFlying
245,Fighting,Fighting,Bug,0.5,FightingvsBugFighting
246,Fighting,Fighting,Rock,2.0,FightingvsFightingRock
247,Fighting,Fighting,Ghost,0.0,FightingvsFightingGhost
248,Fighting,Fighting,Fire,1.0,FightingvsFightingFire
249,Fighting,Fighting,Water,1.0,FightingvsFightingWater
250,Fighting,Fighting,Grass,1.0,FightingvsFightingGrass
251,Fighting,Fighting,Electric,1.0,FightingvsElectricFighting
252,Fighting,Fighting,Ice,2.0,FightingvsFightingIce
253,Fighting,Fighting,Psychic,0.5,FightingvsFightingPsychic
254,Fighting,Fighting,Dragon,1.0,FightingvsDragonFighting
255,Fighting,Poison,,0.5,FightingvsPoison
258,Fighting,Poison,Ground,0.5,FightingvsGroundPoison
259,Fighting,Poison,Flying,0.25,FightingvsFlyingPoison
260,Fighting,Poison,Bug,0.25,FightingvsBugPoison
261,Fighting,Poison,Rock,1.0,FightingvsPoisonRock
262,Fighting,Poison,Ghost,0.0,FightingvsGhostPoison
263,Fighting,Poison,Fire,0.5,FightingvsFirePoison
264,Fighting,Poison,Water,0.5,FightingvsPoisonWater
265,Fighting,Poison,Grass,0.5,FightingvsGrassPoison
266,Fighting,Poison,Electric,0.5,FightingvsElectricPoison
267,Fighting,Poison,Ice,1.0,FightingvsIcePoison
268,Fighting,Poison,Psychic,0.25,FightingvsPoisonPsychic
269,Fighting,Poison,Dragon,0.5,FightingvsDragonPoison
270,Fighting,Ground,,1.0,FightingvsGround
274,Fighting,Ground,Flying,0.5,FightingvsFlyingGround
275,Fighting,Ground,Bug,0.5,FightingvsBugGround
276,Fighting,Ground,Rock,2.0,FightingvsGroundRock
277,Fighting,Ground,Ghost,0.0,FightingvsGhostGround
278,Fighting,Ground,Fire,1.0,FightingvsFireGround
279,Fighting,Ground,Water,1.0,FightingvsGroundWater
280,Fighting,Ground,Grass,1.0,FightingvsGrassGround
281,Fighting,Ground,Electric,1.0,FightingvsElectricGround
282,Fighting,Ground,Ice,2.0,FightingvsGroundIce
283,Fighting,Ground,Psychic,0.5,FightingvsGroundPsychic
284,Fighting,Ground,Dragon,1.0,FightingvsDragonGround
285,Fighting,Flying,,0.5,FightingvsFlying
290,Fighting,Flying,Bug,0.25,FightingvsBugFlying
291,Fighting,Flying,Rock,1.0,FightingvsFlyingRock
292,Fighting,Flying,Ghost,0.0,FightingvsFlyingGhost
293,Fighting,Flying,Fire,0.5,FightingvsFireFlying
294,Fighting,Flying,Water,0.5,FightingvsFlyingWater
295,Fighting,Flying,Grass,0.5,FightingvsFlyingGrass
296,Fighting,Flying,Electric,0.5,FightingvsElectricFlying
297,Fighting,Flying,Ice,1.0,FightingvsFlyingIce
298,Fighting,Flying,Psychic,0.25,FightingvsFlyingPsychic
299,Fighting,Flying,Dragon,0.5,FightingvsDragonFlying
300,Fighting,Bug,,0.5,FightingvsBug
306,Fighting,Bug,Rock,1.0,FightingvsBugRock
307,Fighting,Bug,Ghost,0.0,FightingvsBugGhost
308,Fighting,Bug,Fire,0.5,FightingvsBugFire
309,Fighting,Bug,Water,0.5,FightingvsBugWater
310,Fighting,Bug,Grass,0.5,FightingvsBugGrass
311,Fighting,Bug,Electric,0.5,FightingvsBugElectric
312,Fighting,Bug,Ice,1.0,FightingvsBugIce
313,Fighting,Bug,Psychic,0.25,FightingvsBugPsychic
314,Fighting,Bug,Dragon,0.5,FightingvsBugDragon
315,Fighting,Rock,,2.0,FightingvsRock
322,Fighting,Rock,Ghost,0.0,FightingvsGhostRock
323,Fighting,Rock,Fire,2.0,FightingvsFireRock
324,Fighting,Rock,Water,2.0,FightingvsRockWater
325,Fighting,Rock,Grass,2.0,FightingvsGrassRock
326,Fighting,Rock,Electric,2.0,FightingvsElectricRock
327,Fighting,Rock,Ice,4.0,FightingvsIceRock
328,Fighting,Rock,Psychic,1.0,FightingvsPsychicRock
329,Fighting,Rock,Dragon,2.0,FightingvsDragonRock
330,Fighting,Ghost,,0.0,FightingvsGhost
338,Fighting,Ghost,Fire,0.0,FightingvsFireGhost
339,Fighting,Ghost,Water,0.0,FightingvsGhostWater
340,Fighting,Ghost,Grass,0.0,FightingvsGhostGrass
341,Fighting,Ghost,Electric,0.0,FightingvsElectricGhost
342,Fighting,Ghost,Ice,0.0,FightingvsGhostIce
343,Fighting,Ghost,Psychic,0.0,FightingvsGhostPsychic
344,Fighting,Ghost,Dragon,0.0,FightingvsDragonGhost
345,Fighting,Fire,,1.0,FightingvsFire
354,Fighting,Fire,Water,1.0,FightingvsFireWater
355,Fighting,Fire,Grass,1.0,FightingvsFireGrass
356,Fighting,Fire,Electric,1.0,FightingvsElectricFire
357,Fighting,Fire,Ice,2.0,FightingvsFireIce
358,Fighting,Fire,Psychic,0.5,FightingvsFirePsychic
359,Fighting,Fire,Dragon,1.0,FightingvsDragonFire
360,Fighting,Water,,1.0,FightingvsWater
370,Fighting,Water,Grass,1.0,FightingvsGrassWater
371,Fighting,Water,Electric,1.0,FightingvsElectricWater
372,Fighting,Water,Ice,2.0,FightingvsIceWater
373,Fighting,Water,Psychic,0.5,FightingvsPsychicWater
374,Fighting,Water,Dragon,1.0,FightingvsDragonWater
375,Fighting,Grass,,1.0,FightingvsGrass
386,Fighting,Grass,Electric,1.0,FightingvsElectricGrass
387,Fighting,Grass,Ice,2.0,FightingvsGrassIce
388,Fighting,Grass,Psychic,0.5,FightingvsGrassPsychic
389,Fighting,Grass,Dragon,1.0,FightingvsDragonGrass
390,Fighting,Electric,,1.0,FightingvsElectric
402,Fighting,Electric,Ice,2.0,FightingvsElectricIce
403,Fighting,Electric,Psychic,0.5,FightingvsElectricPsychic
404,Fighting,Electric,Dragon,1.0,FightingvsDragonElectric
405,Fighting,Ice,,2.0,FightingvsIce
418,Fighting,Ice,Psychic,1.0,FightingvsIcePsychic
419,Fighting,Ice,Dragon,2.0,FightingvsDragonIce
420,Fighting,Psychic,,0.5,FightingvsPsychic
434,Fighting,Psychic,Dragon,0.5,FightingvsDragonPsychic
435,Fighting,Dragon,,1.0,FightingvsDragon
450,Poison,Normal,,1.0,PoisonvsNormal
451,Poison,Normal,Fighting,1.0,PoisonvsFightingNormal
452,Poison,Normal,Poison,0.5,PoisonvsNormalPoison
453,Poison,Normal,Ground,0.5,PoisonvsGroundNormal
454,Poison,Normal,Flying,1.0,PoisonvsFlyingNormal
455,Poison,Normal,Bug,2.0,PoisonvsBugNormal
456,Poison,Normal,Rock,0.5,PoisonvsNormalRock
457,Poison,Normal,Ghost,0.5,PoisonvsGhostNormal
458,Poison,Normal,Fire,1.0,PoisonvsFireNormal
459,Poison,Normal,Water,1.0,PoisonvsNormalWater
460,Poison,Normal,Grass,2.0,PoisonvsGrassNormal
461,Poison,Normal,Electric,1.0,PoisonvsElectricNormal
462,Poison,Normal,Ice,1.0,PoisonvsIceNormal
463,Poison,Normal,Psychic,1.0,PoisonvsNormalPsychic
464,Poison,Normal,Dragon,1.0,PoisonvsDragonNormal
465,Poison,Fighting,,1.0,PoisonvsFighting
467,Poison,Fighting,Poison,0.5,PoisonvsFightingPoison
468,Poison,Fighting,Ground,0.5,PoisonvsFightingGround
469,Poison,Fighting,Flying,1.0,PoisonvsFightingFlying
470,Poison,Fighting,Bug,2.0,PoisonvsBugFighting
471,Poison,Fighting,Rock,0.5,PoisonvsFightingRock
472,Poison,Fighting,Ghost,0.5,PoisonvsFightingGhost
473,Poison,Fighting,Fire,1.0,PoisonvsFightingFire
474,Poison,Fighting,Water,1.0,PoisonvsFightingWater
475,Poison,Fighting,Grass,2.0,PoisonvsFightingGrass
476,Poison,Fighting,Electric,1.0,PoisonvsElectricFighting
477,Poison,Fighting,Ice,1.0,PoisonvsFightingIce
478,Poison,Fighting,Psychic,1.0,PoisonvsFightingPsychic
479,Poison,Fighting,Dragon,1.0,PoisonvsDragonFighting
480,Poison,Poison,,0.5,PoisonvsPoison
483,Poison,Poison,Ground,0.25,PoisonvsGroundPoison
484,Poison,Poison,Flying,0.5,PoisonvsFlyingPoison
485,Poison,Poison,Bug,1.0,PoisonvsBugPoison
486,Poison,Poison,Rock,0.25,PoisonvsPoisonRock
487,Poison,Poison,Ghost,0.25,PoisonvsGhostPoison
488,Poison,Poison,Fire,0.5,PoisonvsFirePoison
489,Poison,Poison,Water,0.5,PoisonvsPoisonWater
490,Poison,Poison,Grass,1.0,PoisonvsGrassPoison
491,Poison,Poison,Electric,0.5,PoisonvsElectricPoison
492,Poison,Poison,Ice,0.5,PoisonvsIcePoison
493,Poison,Poison,Psychic,0.5,PoisonvsPoisonPsychic
494,Poison,Poison,Dragon,0.5,PoisonvsDragonPoison
495,Poison,Ground,,0.5,PoisonvsGround
499,Poison,Ground,Flying,0.5,PoisonvsFlyingGround
500,Poison,Ground,Bug,1.0,PoisonvsBugGround
501,Poison,Ground,Rock,0.25,PoisonvsGroundRock
502,Poison,Ground,Ghost,0.25,PoisonvsGhostGround
503,Poison,Ground,Fire,0.5,PoisonvsFireGround
504,Poison,Ground,Water,0.5,PoisonvsGroundWater
505,Poison,Ground,Grass,1.0,PoisonvsGrassGround
506,Poison,Ground,Electric,0.5,PoisonvsElectricGround
507,Poison,Ground,Ice,0.5,PoisonvsGroundIce
508,Poison,Ground,Psychic,0.5,PoisonvsGroundPsychic
509,Poison,Ground,Dragon,0.5,PoisonvsDragonGround
510,Poison,Flying,,1.0,PoisonvsFlying
515,Poison,Flying,Bug,2.0,PoisonvsBugFlying
516,Poison,Flying,Rock,0.5,PoisonvsFlyingRock
517,Poison,Flying,Ghost,0.5,PoisonvsFlyingGhost
518,Poison,Flying,Fire,1.0,PoisonvsFireFlying
519,Poison,Flying,Water,1.0,PoisonvsFlyingWater
520,Poison,Flying,Grass,2.0,PoisonvsFlyingGrass
521,Poison,Flying,Electric,1.0,PoisonvsElectricFlying
522,Poison,Flying,Ice,1.0,PoisonvsFlyingIce
523,Poison,Flying,Psychic,1.0,PoisonvsFlyingPsychic
524,Poison,Flying,Dragon,1.0,PoisonvsDragonFlying
525,Poison,Bug,,2.0,PoisonvsBug
531,Poison,Bug,Rock,1.0,PoisonvsBugRock
532,Poison,Bug,Ghost,1.0,PoisonvsBugGhost
533,Poison,Bug,Fire,2.0,PoisonvsBugFire
534,Poison,Bug,Water,2.0,PoisonvsBugWater
535,Poison,Bug,Grass,4.0,PoisonvsBugGrass
536,Poison,Bug,Electric,2.0,PoisonvsBugElectric
537,Poison,Bug,Ice,2.0,PoisonvsBugIce
538,Poison,Bug,Psychic,2.0,PoisonvsBugPsychic
539,Poison,Bug,Dragon,2.0,PoisonvsBugDragon
540,Poison,Rock,,0.5,PoisonvsRock
547,Poison,Rock,Ghost,0.25,PoisonvsGhostRock
548,Poison,Rock,Fire,0.5,PoisonvsFireRock
549,Poison,Rock,Water,0.5,PoisonvsRockWater
550,Poison,Rock,Grass,1.0,PoisonvsGrassRock
551,Poison,Rock,Electric,0.5,PoisonvsElectricRock
552,Poison,Rock,Ice,0.5,PoisonvsIceRock
553,Poison,Rock,Psychic,0.5,PoisonvsPsychicRock
554,Poison,Rock,Dragon,0.5,PoisonvsDragonRock
555,Poison,Ghost,,0.5,PoisonvsGhost
563,Poison,Ghost,Fire,0.5,PoisonvsFireGhost
564,Poison,Ghost,Water,0.5,PoisonvsGhostWater
565,Poison,Ghost,Grass,1.0,PoisonvsGhostGrass
566,Poison,Ghost,Electric,0.5,PoisonvsElectricGhost
567,Poison,Ghost,Ice,0.5,PoisonvsGhostIce
568,Poison,Ghost,Psychic,0.5,PoisonvsGhostPsychic
569,Poison,Ghost,Dragon,0.5,PoisonvsDragonGhost
570,Poison,Fire,,1.0,PoisonvsFire
579,Poison,Fire,Water,1.0,PoisonvsFireWater
580,Poison,Fire,Grass,2.0,PoisonvsFireGrass
581,Poison,Fire,Electric,1.0,PoisonvsElectricFire
582,Poison,Fire,Ice,1.0,PoisonvsFireIce
583,Poison,Fire,Psychic,1.0,PoisonvsFirePsychic
584,Poison,Fire,Dragon,1.0,PoisonvsDragonFire
585,Poison,Water,,1.0,PoisonvsWater
595,Poison,Water,Grass,2.0,PoisonvsGrassWater
596,Poison,Water,Electric,1.0,PoisonvsElectricWater
597,Poison,Water,Ice,1.0,PoisonvsIceWater
598,Poison,Water,Psychic,1.0,PoisonvsPsychicWater
599,Poison,Water,Dragon,1.0,PoisonvsDragonWater
600,Poison,Grass,,2.0,PoisonvsGrass
611,Poison,Grass,Electric,2.0,PoisonvsElectricGrass
612,Poison,Grass,Ice,2.0,PoisonvsGrassIce
613,Poison,Grass,Psychic,2.0,PoisonvsGrassPsychic
614,Poison,Grass,Dragon,2.0,PoisonvsDragonGrass
615,Poison,Electric,,1.0,PoisonvsElectric
627,Poison,Electric,Ice,1.0,PoisonvsElectricIce
628,Poison,Electric,Psychic,1.0,PoisonvsElectricPsychic
629,Poison,Electric,Dragon,1.0,PoisonvsDragonElectric
630,Poison,Ice,,1.0,PoisonvsIce
643,Poison,Ice,Psychic,1.0,PoisonvsIcePsychic
644,Poison,Ice,Dragon,1.0,PoisonvsDragonIce
645,Poison,Psychic,,1.0,PoisonvsPsychic
659,Poison,Psychic,Dragon,1.0,PoisonvsDragonPsychic
660,Poison,Dragon,,1.0,PoisonvsDragon
675,Ground,Normal,,1.0,GroundvsNormal
676,Ground,Normal,Fighting,1.0,GroundvsFightingNormal
677,Ground,Normal,Poison,2.0,GroundvsNormalPoison
678,Ground,Normal,Ground,1.0,GroundvsGroundNormal
679,Ground,Normal,Flying,0.0,GroundvsFlyingNormal
680,Ground,Normal,Bug,0.5,GroundvsBugNormal
681,Ground,Normal,Rock,2.0,GroundvsNormalRock
682,Ground,Normal,Ghost,1.0,GroundvsGhostNormal
683,Ground,Normal,Fire,2.0,GroundvsFireNormal
684,Ground,Normal,Water,1.0,GroundvsNormalWater
685,Ground,Normal,Grass,0.5,GroundvsGrassNormal
686,Ground,Normal,Electric,2.0,GroundvsElectricNormal
687,Ground,Normal,Ice,1.0,GroundvsIceNormal
688,Ground,Normal,Psychic,1.0,GroundvsNormalPsychic
689,Ground,Normal,Dragon,1.0,GroundvsDragonNormal
690,Ground,Fighting,,1.0,GroundvsFighting
692,Ground,Fighting,Poison,2.0,GroundvsFightingPoison
693,Ground,Fighting,Ground,1.0,GroundvsFightingGround
694,Ground,Fighting,Flying,0.0,GroundvsFightingFlying
695,Ground,Fighting,Bug,0.5,GroundvsBugFighting
696,Ground,Fighting,Rock,2.0,GroundvsFightingRock
697,Ground,Fighting,Ghost,1.0,GroundvsFightingGhost
698,Ground,Fighting,Fire,2.0,GroundvsFightingFire
699,Ground,Fighting,Water,1.0,GroundvsFightingWater
700,Ground,Fighting,Grass,0.5,GroundvsFightingGrass
701,Ground,Fighting,Electric,2.0,GroundvsElectricFighting
702,Ground,Fighting,Ice,1.0,GroundvsFightingIce
703,Ground,Fighting,Psychic,1.0,GroundvsFightingPsychic
704,Ground,Fighting,Dragon,1.0,GroundvsDragonFighting
705,Ground,Poison,,2.0,GroundvsPoison
708,Ground,Poison,Ground,2.0,GroundvsGroundPoison
709,Ground,Poison,Flying,0.0,GroundvsFlyingPoison
710,Ground,Poison,Bug,1.0,GroundvsBugPoison
711,Ground,Poison,Rock,4.0,GroundvsPoisonRock
712,Ground,Poison,Ghost,2.0,GroundvsGhostPoison
713,Ground,Poison,Fire,4.0,GroundvsFirePoison
714,Ground,Poison,Water,2.0,GroundvsPoisonWater
715,Ground,Poison,Grass,1.0,GroundvsGrassPoison
716,Ground,Poison,Electric,4.0,GroundvsElectricPoison
717,Ground,Poison,Ice,2.0,GroundvsIcePoison
718,Ground,Poison,Psychic,2.0,GroundvsPoisonPsychic
719,Ground,Poison,Dragon,2.0,GroundvsDragonPoison
720,Ground,Ground,,1.0,GroundvsGround
724,Ground,Ground,Flying,0.0,GroundvsFlyingGround
725,Ground,Ground,Bug,0.5,GroundvsBugGround
726,Ground,Ground,Rock,2.0,GroundvsGroundRock
727,Ground,Ground,Ghost,1.0,GroundvsGhostGround
728,Ground,Ground,Fire,2.0,GroundvsFireGround
729,Ground,Ground,Water,1.0,GroundvsGroundWater
730,Ground,Ground,Grass,0.5,GroundvsGrassGround
731,Ground,Ground,Electric,2.0,GroundvsElectricGround
732,Ground,Ground,Ice,1.0,GroundvsGroundIce
733,Ground,Ground,Psychic,1.0,GroundvsGroundPsychic
734,Ground,Ground,Dragon,1.0,GroundvsDragonGround
735,Ground,Flying,,0.0,GroundvsFlying
740,Ground,Flying,Bug,0.0,GroundvsBugFlying
741,Ground,Flying,Rock,0.0,GroundvsFlyingRock
742,Ground,Flying,Ghost,0.0,GroundvsFlyingGhost
743,Ground,Flying,Fire,0.0,GroundvsFireFlying
744,Ground,Flying,Water,0.0,GroundvsFlyingWater
745,Ground,Flying,Grass,0.0,GroundvsFlyingGrass
746,Ground,Flying,Electric,0.0,GroundvsElectricFlying
747,Ground,Flying,Ice,0.0,GroundvsFlyingIce
748,Ground,Flying,Psychic,0.0,GroundvsFlyingPsychic
749,Ground,Flying,Dragon,0.0,GroundvsDragonFlying
750,Ground,Bug,,0.5,GroundvsBug
756,Ground,Bug,Rock,1.0,GroundvsBugRock
757,Ground,Bug,Ghost,0.5,GroundvsBugGhost
758,Ground,Bug,Fire,1.0,GroundvsBugFire
759,Ground,Bug,Water,0.5,GroundvsBugWater
760,Ground,Bug,Grass,0.25,GroundvsBugGrass
761,Ground,Bug,Electric,1.0,GroundvsBugElectric
762,Ground,Bug,Ice,0.5,GroundvsBugIce
763,Ground,Bug,Psychic,0.5,GroundvsBugPsychic
764,Ground,Bug,Dragon,0.5,GroundvsBugDragon
765,Ground,Rock,,2.0,GroundvsRock
772,Ground,Rock,Ghost,2.0,GroundvsGhostRock
773,Ground,Rock,Fire,4.0,GroundvsFireRock
774,Ground,Rock,Water,2.0,GroundvsRockWater
775,Ground,Rock,Grass,1.0,GroundvsGrassRock
776,Ground,Rock,Electric,4.0,GroundvsElectricRock
777,Ground,Rock,Ice,2.0,GroundvsIceRock
778,Ground,Rock,Psychic,2.0,GroundvsPsychicRock
779,Ground,Rock,Dragon,2.0,GroundvsDragonRock
780,Ground,Ghost,,1.0,GroundvsGhost
788,Ground,Ghost,Fire,2.0,GroundvsFireGhost
789,Ground,Ghost,Water,1.0,GroundvsGhostWater
790,Ground,Ghost,Grass,0.5,GroundvsGhostGrass
791,Ground,Ghost,Electric,2.0,GroundvsElectricGhost
792,Ground,Ghost,Ice,1.0,GroundvsGhostIce
793,Ground,Ghost,Psychic,1.0,GroundvsGhostPsychic
794,Ground,Ghost,Dragon,1.0,GroundvsDragonGhost
795,Ground,Fire,,2.0,GroundvsFire
804,Ground,Fire,Water,2.0,GroundvsFireWater
805,Ground,Fire,Grass,1.0,GroundvsFireGrass
806,Ground,Fire,Electric,4.0,GroundvsElectricFire
807,Ground,Fire,Ice,2.0,GroundvsFireIce
808,Ground,Fire,Psychic,2.0,GroundvsFirePsychic
809,Ground,Fire,Dragon,2.0,GroundvsDragonFire
810,Ground,Water,,1.0,GroundvsWater
820,Ground,Water,Grass,0.5,GroundvsGrassWater
821,Ground,Water,Electric,2.0,GroundvsElectricWater
822,Ground,Water,Ice,1.0,GroundvsIceWater
823,Ground,Water,Psychic,1.0,GroundvsPsychicWater
824,Ground,Water,Dragon,1.0,GroundvsDragonWater
825,Ground,Grass,,0.5,GroundvsGrass
836,Ground,Grass,Electric,1.0,GroundvsElectricGrass
837,Ground,Grass,Ice,0.5,GroundvsGrassIce
838,Ground,Grass,Psychic,0.5,GroundvsGrassPsychic
839,Ground,Grass,Dragon,0.5,GroundvsDragonGrass
840,Ground,Electric,,2.0,GroundvsElectric
852,Ground,Electric,Ice,2.0,GroundvsElectricIce
853,Ground,Electric,Psychic,2.0,GroundvsElectricPsychic
854,Ground,Electric,Dragon,2.0,GroundvsDragonElectric
855,Ground,Ice,,1.0,GroundvsIce
868,Ground,Ice,Psychic,1.0,GroundvsIcePsychic
869,Ground,Ice,Dragon,1.0,GroundvsDragonIce
870,Ground,Psychic,,1.0,GroundvsPsychic
884,Ground,Psychic,Dragon,1.0,GroundvsDragonPsychic
885,Ground,Dragon,,1.0,GroundvsDragon
900,Flying,Normal,,1.0,FlyingvsNormal
901,Flying,Normal,Fighting,2.0,FlyingvsFightingNormal
902,Flying,Normal,Poison,1.0,FlyingvsNormalPoison
903,Flying,Normal,Ground,1.0,FlyingvsGroundNormal
904,Flying,Normal,Flying,1.0,FlyingvsFlyingNormal
905,Flying,Normal,Bug,2.0,FlyingvsBugNormal
906,Flying,Normal,Rock,0.5,FlyingvsNormalRock
907,Flying,Normal,Ghost,1.0,FlyingvsGhostNormal
908,Flying,Normal,Fire,1.0,FlyingvsFireNormal
909,Flying,Normal,Water,1.0,FlyingvsNormalWater
910,Flying,Normal,Grass,2.0,FlyingvsGrassNormal
911,Flying,Normal,Electric,0.5,FlyingvsElectricNormal
912,Flying,Normal,Ice,1.0,FlyingvsIceNormal
913,Flying,Normal,Psychic,1.0,FlyingvsNormalPsychic
914,Flying,Normal,Dragon,1.0,FlyingvsDragonNormal
915,Flying,Fighting,,2.0,FlyingvsFighting
917,Flying,Fighting,Poison,2.0,FlyingvsFightingPoison
918,Flying,Fighting,Ground,2.0,FlyingvsFightingGround
919,Flying,Fighting,Flying,2.0,FlyingvsFightingFlying
920,Flying,Fighting,Bug,4.0,FlyingvsBugFighting
921,Flying,Fighting,Rock,1.0,FlyingvsFightingRock
922,Flying,Fighting,Ghost,2.0,FlyingvsFightingGhost
923,Flying,Fighting,Fire,2.0,FlyingvsFightingFire
924,Flying,Fighting,Water,2.0,FlyingvsFightingWater
925,Flying,Fighting,Grass,4.0,FlyingvsFightingGrass
926,Flying,Fighting,Electric,1.0,FlyingvsElectricFighting
927,Flying,Fighting,Ice,2.0,FlyingvsFightingIce
928,Flying,Fighting,Psychic,2.0,FlyingvsFightingPsychic
929,Flying,Fighting,Dragon,2.0,FlyingvsDragonFighting
930,Flying,Poison,,1.0,FlyingvsPoison
933,Flying,Poison,Ground,1.0,FlyingvsGroundPoison
934,Flying,Poison,Flying,1.0,FlyingvsFlyingPoison
935,Flying,Poison,Bug,2.0,FlyingvsBugPoison
936,Flying,Poison,Rock,0.5,FlyingvsPoisonRock
937,Flying,Poison,Ghost,1.0,FlyingvsGhostPoison
938,Flying,Poison,Fire,1.0,FlyingvsFirePoison
939,Flying,Poison,Water,1.0,FlyingvsPoisonWater
940,Flying,Poison,Grass,2.0,FlyingvsGrassPoison
941,Flying,Poison,Electric,0.5,FlyingvsElectricPoison
942,Flying,Poison,Ice,1.0,FlyingvsIcePoison
943,Flying,Poison,Psychic,1.0,FlyingvsPoisonPsychic
944,Flying,Poison,Dragon,1.0,FlyingvsDragonPoison
945,Flying,Ground,,1.0,FlyingvsGround
949,Flying,Ground,Flying,1.0,FlyingvsFlyingGround
950,Flying,Ground,Bug,2.0,FlyingvsBugGround
951,Flying,Ground,Rock,0.5,FlyingvsGroundRock
952,Flying,Ground,Ghost,1.0,FlyingvsGhostGround
953,Flying,Ground,Fire,1.0,FlyingvsFireGround
954,Flying,Ground,Water,1.0,FlyingvsGroundWater
955,Flying,Ground,Grass,2.0,FlyingvsGrassGround
956,Flying,Ground,Electric,0.5,FlyingvsElectricGround
957,Flying,Ground,Ice,1.0,FlyingvsGroundIce
958,Flying,Ground,Psychic,1.0,FlyingvsGroundPsychic
959,Flying,Ground,Dragon,1.0,FlyingvsDragonGround
960,Flying,Flying,,1.0,FlyingvsFlying
965,Flying,Flying,Bug,2.0,FlyingvsBugFlying
966,Flying,Flying,Rock,0.5,FlyingvsFlyingRock
967,Flying,Flying,Ghost,1.0,FlyingvsFlyingGhost
968,Flying,Flying,Fire,1.0,FlyingvsFireFlying
969,Flying,Flying,Water,1.0,FlyingvsFlyingWater
970,Flying,Flying,Grass,2.0,FlyingvsFlyingGrass
971,Flying,Flying,Electric,0.5,FlyingvsElectricFlying
972,Flying,Flying,Ice,1.0,FlyingvsFlyingIce
973,Flying,Flying,Psychic,1.0,FlyingvsFlyingPsychic
974,Flying,Flying,Dragon,1.0,FlyingvsDragonFlying
975,Flying,Bug,,2.0,FlyingvsBug
981,Flying,Bug,Rock,1.0,FlyingvsBugRock
982,Flying,Bug,Ghost,2.0,FlyingvsBugGhost
983,Flying,Bug,Fire,2.0,FlyingvsBugFire
984,Flying,Bug,Water,2.0,FlyingvsBugWater
985,Flying,Bug,Grass,4.0,FlyingvsBugGrass
986,Flying,Bug,Electric,1.0,FlyingvsBugElectric
987,Flying,Bug,Ice,2.0,FlyingvsBugIce
988,Flying,Bug,Psychic,2.0,FlyingvsBugPsychic
989,Flying,Bug,Dragon,2.0,FlyingvsBugDragon
990,Flying,Rock,,0.5,FlyingvsRock
997,Flying,Rock,Ghost,0.5,FlyingvsGhostRock
998,Flying,Rock,Fire,0.5,FlyingvsFireRock
999,Flying,Rock,Water,0.5,FlyingvsRockWater
1000,Flying,Rock,Grass,1.0,FlyingvsGrassRock
1001,Flying,Rock,Electric,0.25,FlyingvsElectricRock
1002,Flying,Rock,Ice,0.5,FlyingvsIceRock
1003,Flying,Rock,Psychic,0.5,FlyingvsPsychicRock
1004,Flying,Rock,Dragon,0.5,FlyingvsDragonRock
1005,Flying,Ghost,,1.0,FlyingvsGhost
1013,Flying,Ghost,Fire,1.0,FlyingvsFireGhost
1014,Flying,Ghost,Water,1.0,FlyingvsGhostWater
1015,Flying,Ghost,Grass,2.0,FlyingvsGhostGrass
1016,Flying,Ghost,Electric,0.5,FlyingvsElectricGhost
1017,Flying,Ghost,Ice,1.0,FlyingvsGhostIce
1018,Flying,Ghost,Psychic,1.0,FlyingvsGhostPsychic
1019,Flying,Ghost,Dragon,1.0,FlyingvsDragonGhost
1020,Flying,Fire,,1.0,FlyingvsFire
1029,Flying,Fire,Water,1.0,FlyingvsFireWater
1030,Flying,Fire,Grass,2.0,FlyingvsFireGrass
1031,Flying,Fire,Electric,0.5,FlyingvsElectricFire
1032,Flying,Fire,Ice,1.0,FlyingvsFireIce
1033,Flying,Fire,Psychic,1.0,FlyingvsFirePsychic
1034,Flying,Fire,Dragon,1.0,FlyingvsDragonFire
1035,Flying,Water,,1.0,FlyingvsWater
1045,Flying,Water,Grass,2.0,FlyingvsGrassWater
1046,Flying,Water,Electric,0.5,FlyingvsElectricWater
1047,Flying,Water,Ice,1.0,FlyingvsIceWater
1048,Flying,Water,Psychic,1.0,FlyingvsPsychicWater
1049,Flying,Water,Dragon,1.0,FlyingvsDragonWater
1050,Flying,Grass,,2.0,FlyingvsGrass
1061,Flying,Grass,Electric,1.0,FlyingvsElectricGrass
1062,Flying,Grass,Ice,2.0,FlyingvsGrassIce
1063,Flying,Grass,Psychic,2.0,FlyingvsGrassPsychic
1064,Flying,Grass,Dragon,2.0,FlyingvsDragonGrass
1065,Flying,Electric,,0.5,FlyingvsElectric
1077,Flying,Electric,Ice,0.5,FlyingvsElectricIce
1078,Flying,Electric,Psychic,0.5,FlyingvsElectricPsychic
1079,Flying,Electric,Dragon,0.5,FlyingvsDragonElectric
1080,Flying,Ice,,1.0,FlyingvsIce
1093,Flying,Ice,Psychic,1.0,FlyingvsIcePsychic
1094,Flying,Ice,Dragon,1.0,FlyingvsDragonIce
1095,Flying,Psychic,,1.0,FlyingvsPsychic
1109,Flying,Psychic,Dragon,1.0,FlyingvsDragonPsychic
1110,Flying,Dragon,,1.0,FlyingvsDragon
1125,Bug,Normal,,1.0,BugvsNormal
1126,Bug,Normal,Fighting,0.5,BugvsFightingNormal
1127,Bug,Normal,Poison,2.0,BugvsNormalPoison
1128,Bug,Normal,Ground,1.0,BugvsGroundNormal
1129,Bug,Normal,Flying,0.5,BugvsFlyingNormal
1130,Bug,Normal,Bug,1.0,BugvsBugNormal
1131,Bug,Normal,Rock,1.0,BugvsNormalRock
1132,Bug,Normal,Ghost,0.5,BugvsGhostNormal
1133,Bug,Normal,Fire,0.5,BugvsFireNormal
1134,Bug,Normal,Water,1.0,BugvsNormalWater
1135,Bug,Normal,Grass,2.0,BugvsGrassNormal
1136,Bug,Normal,Electric,1.0,BugvsElectricNormal
1137,Bug,Normal,Ice,1.0,BugvsIceNormal
1138,Bug,Normal,Psychic,2.0,BugvsNormalPsychic
1139,Bug,Normal,Dragon,1.0,BugvsDragonNormal
1140,Bug,Fighting,,0.5,BugvsFighting
1142,Bug,Fighting,Poison,1.0,BugvsFightingPoison
1143,Bug,Fighting,Ground,0.5,BugvsFightingGround
1144,Bug,Fighting,Flying,0.25,BugvsFightingFlying
1145,Bug,Fighting,Bug,0.5,BugvsBugFighting
1146,Bug,Fighting,Rock,0.5,BugvsFightingRock
1147,Bug,Fighting,Ghost,0.25,BugvsFightingGhost
1148,Bug,Fighting,Fire,0.25,BugvsFightingFire
1149,Bug,Fighting,Water,0.5,BugvsFightingWater
1150,Bug,Fighting,Grass,1.0,BugvsFightingGrass
1151,Bug,Fighting,Electric,0.5,BugvsElectricFighting
1152,Bug,Fighting,Ice,0.5,BugvsFightingIce
1153,Bug,Fighting,Psychic,1.0,BugvsFightingPsychic
1154,Bug,Fighting,Dragon,0.5,BugvsDragonFighting
1155,Bug,Poison,,2.0,BugvsPoison
1158,Bug,Poison,Ground,2.0,BugvsGroundPoison
1159,Bug,Poison,Flying,1.0,BugvsFlyingPoison
1160,Bug,Poison,Bug,2.0,BugvsBugPoison
1161,Bug,Poison,Rock,2.0,BugvsPoisonRock
1162,Bug,Poison,Ghost,1.0,BugvsGhostPoison
1163,Bug,Poison,Fire,1.0,BugvsFirePoison
1164,Bug,Poison,Water,2.0,BugvsPoisonWater
1165,Bug,Poison,Grass,4.0,BugvsGrassPoison
1166,Bug,Poison,Electric,2.0,BugvsElectricPoison
1167,Bug,Poison,Ice,2.0,BugvsIcePoison
1168,Bug,Poison,Psychic,4.0,BugvsPoisonPsychic
1169,Bug,Poison,Dragon,2.0,BugvsDragonPoison
1170,Bug,Ground,,1.0,BugvsGround
1174,Bug,Ground,Flying,0.5,BugvsFlyingGround
1175,Bug,Ground,Bug,1.0,BugvsBugGround
1176,Bug,Ground,Rock,1.0,BugvsGroundRock
1177,Bug,Ground,Ghost,0.5,BugvsGhostGround
1178,Bug,Ground,Fire,0.5,BugvsFireGround
1179,Bug,Ground,Water,1.0,BugvsGroundWater
1180,Bug,Ground,Grass,2.0,BugvsGrassGround
1181,Bug,Ground,Electric,1.0,BugvsElectricGround
1182,Bug,Ground,Ice,1.0,BugvsGroundIce
1183,Bug,Ground,Psychic,2.0,BugvsGroundPsychic
1184,Bug,Ground,Dragon,1.0,BugvsDragonGround
1185,Bug,Flying,,0.5,BugvsFlying
1190,Bug,Flying,Bug,0.5,BugvsBugFlying
1191,Bug,Flying,Rock,0.5,BugvsFlyingRock
1192,Bug,Flying,Ghost,0.25,BugvsFlyingGhost
1193,Bug,Flying,Fire,0.25,BugvsFireFlying
1194,Bug,Flying,Water,0.5,BugvsFlyingWater
1195,Bug,Flying,Grass,1.0,BugvsFlyingGrass
1196,Bug,Flying,Electric,0.5,BugvsElectricFlying
1197,Bug,Flying,Ice,0.5,BugvsFlyingIce
1198,Bug,Flying,Psychic,1.0,BugvsFlyingPsychic
1199,Bug,Flying,Dragon,0.5,BugvsDragonFlying
1200,Bug,Bug,,1.0,BugvsBug
1206,Bug,Bug,Rock,1.0,BugvsBugRock
1207,Bug,Bug,Ghost,0.5,BugvsBugGhost
1208,Bug,Bug,Fire,0.5,BugvsBugFire
1209,Bug,Bug,Water,1.0,BugvsBugWater
1210,Bug,Bug,Grass,2.0,BugvsBugGrass
1211,Bug,Bug,Electric,1.0,BugvsBugElectric
1212,Bug,Bug,Ice,1.0,BugvsBugIce
1213,Bug,Bug,Psychic,2.0,BugvsBugPsychic
1214,Bug,Bug,Dragon,1.0,BugvsBugDragon
1215,Bug,Rock,,1.0,BugvsRock
1222,Bug,Rock,Ghost,0.5,BugvsGhostRock
1223,Bug,Rock,Fire,0.5,BugvsFireRock
1224,Bug,Rock,Water,1.0,BugvsRockWater
1225,Bug,Rock,Grass,2.0,BugvsGrassRock
1226,Bug,Rock,Electric,1.0,BugvsElectricRock
1227,Bug,Rock,Ice,1.0,BugvsIceRock
1228,Bug,Rock,Psychic,2.0,BugvsPsychicRock
1229,Bug,Rock,Dragon,1.0,BugvsDragonRock
1230,Bug,Ghost,,0.5,BugvsGhost
1238,Bug,Ghost,Fire,0.25,BugvsFireGhost
1239,Bug,Ghost,Water,0.5,BugvsGhostWater
1240,Bug,Ghost,Grass,1.0,BugvsGhostGrass
1241,Bug,Ghost,Electric,0.5,BugvsElectricGhost
1242,Bug,Ghost,Ice,0.5,BugvsGhostIce
1243,Bug,Ghost,Psychic,1.0,BugvsGhostPsychic
1244,Bug,Ghost,Dragon,0.5,BugvsDragonGhost
1245,Bug,Fire,,0.5,BugvsFire
1254,Bug,Fire,Water,0.5,BugvsFireWater
1255,Bug,Fire,Grass,1.0,BugvsFireGrass
1256,Bug,Fire,Electric,0.5,BugvsElectricFire
1257,Bug,Fire,Ice,0.5,BugvsFireIce
1258,Bug,Fire,Psychic,1.0,BugvsFirePsychic
1259,Bug,Fire,Dragon,0.5,BugvsDragonFire
1260,Bug,Water,,1.0,BugvsWater
1270,Bug,Water,Grass,2.0,BugvsGrassWater
1271,Bug,Water,Electric,1.0,BugvsElectricWater
1272,Bug,Water,Ice,1.0,BugvsIceWater
1273,Bug,Water,Psychic,2.0,BugvsPsychicWater
1274,Bug,Water,Dragon,1.0,BugvsDragonWater
1275,Bug,Grass,,2.0,BugvsGrass
1286,Bug,Grass,Electric,2.0,BugvsElectricGrass
1287,Bug,Grass,Ice,2.0,BugvsGrassIce
1288,Bug,Grass,Psychic,4.0,BugvsGrassPsychic
1289,Bug,Grass,Dragon,2.0,BugvsDragonGrass
1290,Bug,Electric,,1.0,BugvsElectric
1302,Bug,Electric,Ice,1.0,BugvsElectricIce
1303,Bug,Electric,Psychic,2.0,BugvsElectricPsychic
1304,Bug,Electric,Dragon,1.0,BugvsDragonElectric
1305,Bug,Ice,,1.0,BugvsIce
1318,Bug,Ice,Psychic,2.0,BugvsIcePsychic
1319,Bug,Ice,Dragon,1.0,BugvsDragonIce
1320,Bug,Psychic,,2.0,BugvsPsychic
1334,Bug,Psychic,Dragon,2.0,BugvsDragonPsychic
1335,Bug,Dragon,,1.0,BugvsDragon
1350,Rock,Normal,,1.0,RockvsNormal
1351,Rock,Normal,Fighting,0.5,RockvsFightingNormal
1352,Rock,Normal,Poison,1.0,RockvsNormalPoison
1353,Rock,Normal,Ground,0.5,RockvsGroundNormal
1354,Rock,Normal,Flying,2.0,RockvsFlyingNormal
1355,Rock,Normal,Bug,2.0,RockvsBugNormal
1356,Rock,Normal,Rock,1.0,RockvsNormalRock
1357,Rock,Normal,Ghost,1.0,RockvsGhostNormal
1358,Rock,Normal,Fire,2.0,RockvsFireNormal
1359,Rock,Normal,Water,1.0,RockvsNormalWater
1360,Rock,Normal,Grass,1.0,RockvsGrassNormal
1361,Rock,Normal,Electric,1.0,RockvsElectricNormal
1362,Rock,Normal,Ice,2.0,RockvsIceNormal
1363,Rock,Normal,Psychic,1.0,RockvsNormalPsychic
1364,Rock,Normal,Dragon,1.0,RockvsDragonNormal
1365,Rock,Fighting,,0.5,RockvsFighting
1367,Rock,Fighting,Poison,0.5,RockvsFightingPoison
1368,Rock,Fighting,Ground,0.25,RockvsFightingGround
1369,Rock,Fighting,Flying,1.0,RockvsFightingFlying
1370,Rock,Fighting,Bug,1.0,RockvsBugFighting
1371,Rock,Fighting,Rock,0.5,RockvsFightingRock
1372,Rock,Fighting,Ghost,0.5,RockvsFightingGhost
1373,Rock,Fighting,Fire,1.0,RockvsFightingFire
1374,Rock,Fighting,Water,0.5,RockvsFightingWater
1375,Rock,Fighting,Grass,0.5,RockvsFightingGrass
1376,Rock,Fighting,Electric,0.5,RockvsElectricFighting
1377,Rock,Fighting,Ice,1.0,RockvsFightingIce
1378,Rock,Fighting,Psychic,0.5,RockvsFightingPsychic
1379,Rock,Fighting,Dragon,0.5,RockvsDragonFighting
1380,Rock,Poison,,1.0,RockvsPoison
1383,Rock,Poison,Ground,0.5,RockvsGroundPoison
1384,Rock,Poison,Flying,2.0,RockvsFlyingPoison
1385,Rock,Poison,Bug,2.0,RockvsBugPoison
1386,Rock,Poison,Rock,1.0,RockvsPoisonRock
1387,Rock,Poison,Ghost,1.0,RockvsGhostPoison
1388,Rock,Poison,Fire,2.0,RockvsFirePoison
1389,Rock,Poison,Water,1.0,RockvsPoisonWater
1390,Rock,Poison,Grass,1.0,RockvsGrassPoison
1391,Rock,Poison,Electric,1.0,RockvsElectricPoison
1392,Rock,Poison,Ice,2.0,RockvsIcePoison
1393,Rock,Poison,Psychic,1.0,RockvsPoisonPsychic
1394,Rock,Poison,Dragon,1.0,RockvsDragonPoison
1395,Rock,Ground,,0.5,RockvsGround
1399,Rock,Ground,Flying,1.0,RockvsFlyingGround
1400,Rock,Ground,Bug,1.0,RockvsBugGround
1401,Rock,Ground,Rock,0.5,RockvsGroundRock
1402,Rock,Ground,Ghost,0.5,RockvsGhostGround
1403,Rock,Ground,Fire,1.0,RockvsFireGround
1404,Rock,Ground,Water,0.5,RockvsGroundWater
1405,Rock,Ground,Grass,0.5,RockvsGrassGround
1406,Rock,Ground,Electric,0.5,RockvsElectricGround
1407,Rock,Ground,Ice,1.0,RockvsGroundIce
1408,Rock,Ground,Psychic,0.5,RockvsGroundPsychic
1409,Rock,Ground,Dragon,0.5,RockvsDragonGround
1410,Rock,Flying,,2.0,RockvsFlying
1415,Rock,Flying,Bug,4.0,RockvsBugFlying
1416,Rock,Flying,Rock,2.0,RockvsFlyingRock
1417,Rock,Flying,Ghost,2.0,RockvsFlyingGhost
1418,Rock,Flying,Fire,4.0,RockvsFireFlying
1419,Rock,Flying,Water,2.0,RockvsFlyingWater
1420,Rock,Flying,Grass,2.0,RockvsFlyingGrass
1421,Rock,Flying,Electric,2.0,RockvsElectricFlying
1422,Rock,Flying,Ice,4.0,RockvsFlyingIce
1423,Rock,Flying,Psychic,2.0,RockvsFlyingPsychic
1424,Rock,Flying,Dragon,2.0,RockvsDragonFlying
1425,Rock,Bug,,2.0,RockvsBug
1431,Rock,Bug,Rock,2.0,RockvsBugRock
1432,Rock,Bug,Ghost,2.0,RockvsBugGhost
1433,Rock,Bug,Fire,4.0,RockvsBugFire
1434,Rock,Bug,Water,2.0,RockvsBugWater
1435,Rock,Bug,Grass,2.0,RockvsBugGrass
1436,Rock,Bug,Electric,2.0,RockvsBugElectric
1437,Rock,Bug,Ice,4.0,RockvsBugIce
1438,Rock,Bug,Psychic,2.0,RockvsBugPsychic
1439,Rock,Bug,Dragon,2.0,RockvsBugDragon
1440,Rock,Rock,,1.0,RockvsRock
1447,Rock,Rock,Ghost,1.0,RockvsGhostRock
1448,Rock,Rock,Fire,2.0,RockvsFireRock
1449,Rock,Rock,Water,1.0,RockvsRockWater
1450,Rock,Rock,Grass,1.0,RockvsGrassRock
1451,Rock,Rock,Electric,1.0,RockvsElectricRock
1452,Rock,Rock,Ice,2.0,RockvsIceRock
1453,Rock,Rock,Psychic,1.0,RockvsPsychicRock
1454,Rock,Rock,Dragon,1.0,RockvsDragonRock
1455,Rock,Ghost,,1.0,RockvsGhost
1463,Rock,Ghost,Fire,2.0,RockvsFireGhost
1464,Rock,Ghost,Water,1.0,RockvsGhostWater
1465,Rock,Ghost,Grass,1.0,RockvsGhostGrass
1466,Rock,Ghost,Electric,1.0,RockvsElectricGhost
1467,Rock,Ghost,Ice,2.0,RockvsGhostIce
1468,Rock,Ghost,Psychic,1.0,RockvsGhostPsychic
1469,Rock,Ghost,Dragon,1.0,RockvsDragonGhost
1470,Rock,Fire,,2.0,RockvsFire
1479,Rock,Fire,Water,2.0,RockvsFireWater
1480,Rock,Fire,Grass,2.0,RockvsFireGrass
1481,Rock,Fire,Electric,2.0,RockvsElectricFire
1482,Rock,Fire,Ice,4.0,RockvsFireIce
1483,Rock,Fire,Psychic,2.0,RockvsFirePsychic
1484,Rock,Fire,Dragon,2.0,RockvsDragonFire
1485,Rock,Water,,1.0,RockvsWater
1495,Rock,Water,Grass,1.0,RockvsGrassWater
1496,Rock,Water,Electric,1.0,RockvsElectricWater
1497,Rock,Water,Ice,2.0,RockvsIceWater
1498,Rock,Water,Psychic,1.0,RockvsPsychicWater
1499,Rock,Water,Dragon,1.0,RockvsDragonWater
1500,Rock,Grass,,1.0,RockvsGrass
1511,Rock,Grass,Electric,1.0,RockvsElectricGrass
1512,Rock,Grass,Ice,2.0,RockvsGrassIce
1513,Rock,Grass,Psychic,1.0,RockvsGrassPsychic
1514,Rock,Grass,Dragon,1.0,RockvsDragonGrass
1515,Rock,Electric,,1.0,RockvsElectric
1527,Rock,Electric,Ice,2.0,RockvsElectricIce
1528,Rock,Electric,Psychic,1.0,RockvsElectricPsychic
1529,Rock,Electric,Dragon,1.0,RockvsDragonElectric
1530,Rock,Ice,,2.0,RockvsIce
1543,Rock,Ice,Psychic,2.0,RockvsIcePsychic
1544,Rock,Ice,Dragon,2.0,RockvsDragonIce
1545,Rock,Psychic,,1.0,RockvsPsychic
1559,Rock,Psychic,Dragon,1.0,RockvsDragonPsychic
1560,Rock,Dragon,,1.0,RockvsDragon
1575,Ghost,Normal,,0.0,GhostvsNormal
1576,Ghost,Normal,Fighting,0.0,GhostvsFightingNormal
1577,Ghost,Normal,Poison,0.0,GhostvsNormalPoison
1578,Ghost,Normal,Ground,0.0,GhostvsGroundNormal
1579,Ghost,Normal,Flying,0.0,GhostvsFlyingNormal
1580,Ghost,Normal,Bug,0.0,GhostvsBugNormal
1581,Ghost,Normal,Rock,0.0,GhostvsNormalRock
1582,Ghost,Normal,Ghost,0.0,GhostvsGhostNormal
1583,Ghost,Normal,Fire,0.0,GhostvsFireNormal
1584,Ghost,Normal,Water,0.0,GhostvsNormalWater
1585,Ghost,Normal,Grass,0.0,GhostvsGrassNormal
1586,Ghost,Normal,Electric,0.0,GhostvsElectricNormal
1587,Ghost,Normal,Ice,0.0,GhostvsIceNormal
1588,Ghost,Normal,Psychic,0.0,GhostvsNormalPsychic
1589,Ghost,Normal,Dragon,0.0,GhostvsDragonNormal
1590,Ghost,Fighting,,1.0,GhostvsFighting
1592,Ghost,Fighting,Poison,1.0,GhostvsFightingPoison
1593,Ghost,Fighting,Ground,1.0,GhostvsFightingGround
1594,Ghost,Fighting,Flying,1.0,GhostvsFightingFlying
1595,Ghost,Fighting,Bug,1.0,GhostvsBugFighting
1596,Ghost,Fighting,Rock,1.0,GhostvsFightingRock
1597,Ghost,Fighting,Ghost,2.0,GhostvsFightingGhost
1598,Ghost,Fighting,Fire,1.0,GhostvsFightingFire
1599,Ghost,Fighting,Water,1.0,GhostvsFightingWater
1600,Ghost,Fighting,Grass,1.0,GhostvsFightingGrass
1601,Ghost,Fighting,Electric,1.0,GhostvsElectricFighting
1602,Ghost,Fighting,Ice,1.0,GhostvsFightingIce
1603,Ghost,Fighting,Psychic,0.0,GhostvsFightingPsychic
1604,Ghost,Fighting,Dragon,1.0,GhostvsDragonFighting
1605,Ghost,Poison,,1.0,GhostvsPoison
1608,Ghost,Poison,Ground,1.0,GhostvsGroundPoison
1609,Ghost,Poison,Flying,1.0,GhostvsFlyingPoison
1610,Ghost,Poison,Bug,1.0,GhostvsBugPoison
1611,Ghost,Poison,Rock,1.0,GhostvsPoisonRock
1612,Ghost,Poison,Ghost,2.0,GhostvsGhostPoison
1613,Ghost,Poison,Fire,1.0,GhostvsFirePoison
1614,Ghost,Poison,Water,1.0,GhostvsPoisonWater
1615,Ghost,Poison,Grass,1.0,GhostvsGrassPoison
1616,Ghost,Poison,Electric,1.0,GhostvsElectricPoison
1617,Ghost,Poison,Ice,1.0,GhostvsIcePoison
1618,Ghost,Poison,Psychic,0.0,GhostvsPoisonPsychic
1619,Ghost,Poison,Dragon,1.0,GhostvsDragonPoison
1620,Ghost,Ground,,1.0,GhostvsGround
1624,Ghost,Ground,Flying,1.0,GhostvsFlyingGround
1625,Ghost,Ground,Bug,1.0,GhostvsBugGround
1626,Ghost,Ground,Rock,1.0,GhostvsGroundRock
1627,Ghost,Ground,Ghost,2.0,GhostvsGhostGround
1628,Ghost,Ground,Fire,1.0,GhostvsFireGround
1629,Ghost,Ground,Water,1.0,GhostvsGroundWater
1630,Ghost,Ground,Grass,1.0,GhostvsGrassGround
1631,Ghost,Ground,Electric,1.0,GhostvsElectricGround
1632,Ghost,Ground,Ice,1.0,GhostvsGroundIce
1633,Ghost,Ground,Psychic,0.0,GhostvsGroundPsychic
1634,Ghost,Ground,Dragon,1.0,GhostvsDragonGround
1635,Ghost,Flying,,1.0,GhostvsFlying
1640,Ghost,Flying,Bug,1.0,GhostvsBugFlying
1641,Ghost,Flying,Rock,1.0,GhostvsFlyingRock
1642,Ghost,Flying,Ghost,2.0,GhostvsFlyingGhost
1643,Ghost,Flying,Fire,1.0,GhostvsFireFlying
1644,Ghost,Flying,Water,1.0,GhostvsFlyingWater
1645,Ghost,Flying,Grass,1.0,GhostvsFlyingGrass
1646,Ghost,Flying,Electric,1.0,GhostvsElectricFlying
1647,Ghost,Flying,Ice,1.0,GhostvsFlyingIce
1648,Ghost,Flying,Psychic,0.0,GhostvsFlyingPsychic
1649,Ghost,Flying,Dragon,1.0,GhostvsDragonFlying
1650,Ghost,Bug,,1.0,GhostvsBug
1656,Ghost,Bug,Rock,1.0,GhostvsBugRock
1657,Ghost,Bug,Ghost,2.0,GhostvsBugGhost
1658,Ghost,Bug,Fire,1.0,GhostvsBugFire
1659,Ghost,Bug,Water,1.0,GhostvsBugWater
1660,Ghost,Bug,Grass,1.0,GhostvsBugGrass
1661,Ghost,Bug,Electric,1.0,GhostvsBugElectric
1662,Ghost,Bug,Ice,1.0,GhostvsBugIce
1663,Ghost,Bug,Psychic,0.0,GhostvsBugPsychic
1664,Ghost,Bug,Dragon,1.0,GhostvsBugDragon
1665,Ghost,Rock,,1.0,GhostvsRock
1672,Ghost,Rock,Ghost,2.0,GhostvsGhostRock
1673,Ghost,Rock,Fire,1.0,GhostvsFireRock
1674,Ghost,Rock,Water,1.0,GhostvsRockWater
1675,Ghost,Rock,Grass,1.0,GhostvsGrassRock
1676,Ghost,Rock,Electric,1.0,GhostvsElectricRock
1677,Ghost,Rock,Ice,1.0,GhostvsIceRock
1678,Ghost,Rock,Psychic,0.0,GhostvsPsychicRock
1679,Ghost,Rock,Dragon,1.0,GhostvsDragonRock
1680,Ghost,Ghost,,2.0,GhostvsGhost
1688,Ghost,Ghost,Fire,2.0,GhostvsFireGhost
1689,Ghost,Ghost,Water,2.0,GhostvsGhostWater
1690,Ghost,Ghost,Grass,2.0,GhostvsGhostGrass
1691,Ghost,Ghost,Electric,2.0,GhostvsElectricGhost
1692,Ghost,Ghost,Ice,2.0,GhostvsGhostIce
1693,Ghost,Ghost,Psychic,0.0,GhostvsGhostPsychic
1694,Ghost,Ghost,Dragon,2.0,GhostvsDragonGhost
1695,Ghost,Fire,,1.0,GhostvsFire
1704,Ghost,Fire,Water,1.0,GhostvsFireWater
1705,Ghost,Fire,Grass,1.0,GhostvsFireGrass
1706,Ghost,Fire,Electric,1.0,GhostvsElectricFire
1707,Ghost,Fire,Ice,1.0,GhostvsFireIce
1708,Ghost,Fire,Psychic,0.0,GhostvsFirePsychic
1709,Ghost,Fire,Dragon,1.0,GhostvsDragonFire
1710,Ghost,Water,,1.0,GhostvsWater
1720,Ghost,Water,Grass,1.0,GhostvsGrassWater
1721,Ghost,Water,Electric,1.0,GhostvsElectricWater
1722,Ghost,Water,Ice,1.0,GhostvsIceWater
1723,Ghost,Water,Psychic,0.0,GhostvsPsychicWater
1724,Ghost,Water,Dragon,1.0,GhostvsDragonWater
1725,Ghost,Grass,,1.0,GhostvsGrass
1736,Ghost,Grass,Electric,1.0,GhostvsElectricGrass
1737,Ghost,Grass,Ice,1.0,GhostvsGrassIce
1738,Ghost,Grass,Psychic,0.0,GhostvsGrassPsychic
1739,Ghost,Grass,Dragon,1.0,GhostvsDragonGrass
1740,Ghost,Electric,,1.0,GhostvsElectric
1752,Ghost,Electric,Ice,1.0,GhostvsElectricIce
1753,Ghost,Electric,Psychic,0.0,GhostvsElectricPsychic
1754,Ghost,Electric,Dragon,1.0,GhostvsDragonElectric
1755,Ghost,Ice,,1.0,GhostvsIce
1768,Ghost,Ice,Psychic,0.0,GhostvsIcePsychic
1769,Ghost,Ice,Dragon,1.0,GhostvsDragonIce
1770,Ghost,Psychic,,0.0,GhostvsPsychic
1784,Ghost,Psychic,Dragon,0.0,GhostvsDragonPsychic
1785,Ghost,Dragon,,1.0,GhostvsDragon
1800,Fire,Normal,,1.0,FirevsNormal
1801,Fire,Normal,Fighting,1.0,FirevsFightingNormal
1802,Fire,Normal,Poison,1.0,FirevsNormalPoison
1803,Fire,Normal,Ground,1.0,FirevsGroundNormal
1804,Fire,Normal,Flying,1.0,FirevsFlyingNormal
1805,Fire,Normal,Bug,2.0,FirevsBugNormal
1806,Fire,Normal,Rock,0.5,FirevsNormalRock
1807,Fire,Normal,Ghost,1.0,FirevsGhostNormal
1808,Fire,Normal,Fire,0.5,FirevsFireNormal
1809,Fire,Normal,Water,0.5,FirevsNormalWater
1810,Fire,Normal,Grass,2.0,FirevsGrassNormal
1811,Fire,Normal,Electric,1.0,FirevsElectricNormal
1812,Fire,Normal,Ice,2.0,FirevsIceNormal
1813,Fire,Normal,Psychic,1.0,FirevsNormalPsychic
1814,Fire,Normal,Dragon,0.5,FirevsDragonNormal
1815,Fire,Fighting,,1.0,FirevsFighting
1817,Fire,Fighting,Poison,1.0,FirevsFightingPoison
1818,Fire,Fighting,Ground,1.0,FirevsFightingGround
1819,Fire,Fighting,Flying,1.0,FirevsFightingFlying
1820,Fire,Fighting,Bug,2.0,FirevsBugFighting
1821,Fire,Fighting,Rock,0.5,FirevsFightingRock
1822,Fire,Fighting,Ghost,1.0,FirevsFightingGhost
1823,Fire,Fighting,Fire,0.5,FirevsFightingFire
1824,Fire,Fighting,Water,0.5,FirevsFightingWater
1825,Fire,Fighting,Grass,2.0,FirevsFightingGrass
1826,Fire,Fighting,Electric,1.0,FirevsElectricFighting
1827,Fire,Fighting,Ice,2.0,FirevsFightingIce
1828,Fire,Fighting,Psychic,1.0,FirevsFightingPsychic
1829,Fire,Fighting,Dragon,0.5,FirevsDragonFighting
1830,Fire,Poison,,1.0,FirevsPoison
1833,Fire,Poison,Ground,1.0,FirevsGroundPoison
1834,Fire,Poison,Flying,1.0,FirevsFlyingPoison
1835,Fire,Poison,Bug,2.0,FirevsBugPoison
1836,Fire,Poison,Rock,0.5,FirevsPoisonRock
1837,Fire,Poison,Ghost,1.0,FirevsGhostPoison
1838,Fire,Poison,Fire,0.5,FirevsFirePoison
1839,Fire,Poison,Water,0.5,FirevsPoisonWater
1840,Fire,Poison,Grass,2.0,FirevsGrassPoison
1841,Fire,Poison,Electric,1.0,FirevsElectricPoison
1842,Fire,Poison,Ice,2.0,FirevsIcePoison
1843,Fire,Poison,Psychic,1.0,FirevsPoisonPsychic
1844,Fire,Poison,Dragon,0.5,FirevsDragonPoison
1845,Fire,Ground,,1.0,FirevsGround
1849,Fire,Ground,Flying,1.0,FirevsFlyingGround
1850,Fire,Ground,Bug,2.0,FirevsBugGround
1851,Fire,Ground,Rock,0.5,FirevsGroundRock
1852,Fire,Ground,Ghost,1.0,FirevsGhostGround
1853,Fire,Ground,Fire,0.5,FirevsFireGround
1854,Fire,Ground,Water,0.5,FirevsGroundWater
1855,Fire,Ground,Grass,2.0,FirevsGrassGround
1856,Fire,Ground,Electric,1.0,FirevsElectricGround
1857,Fire,Ground,Ice,2.0,FirevsGroundIce
1858,Fire,Ground,Psychic,1.0,FirevsGroundPsychic
1859,Fire,Ground,Dragon,0.5,FirevsDragonGround
1860,Fire,Flying,,1.0,FirevsFlying
1865,Fire,Flying,Bug,2.0,FirevsBugFlying
1866,Fire,Flying,Rock,0.5,FirevsFlyingRock
1867,Fire,Flying,Ghost,1.0,FirevsFlyingGhost
1868,Fire,Flying,Fire,0.5,FirevsFireFlying
1869,Fire,Flying,Water,0.5,FirevsFlyingWater
1870,Fire,Flying,Grass,2.0,FirevsFlyingGrass
1871,Fire,Flying,Electric,1.0,FirevsElectricFlying
1872,Fire,Flying,Ice,2.0,FirevsFlyingIce
1873,Fire,Flying,Psychic,1.0,FirevsFlyingPsychic
1874,Fire,Flying,Dragon,0.5,FirevsDragonFlying
1875,Fire,Bug,,2.0,FirevsBug
1881,Fire,Bug,Rock,1.0,FirevsBugRock
1882,Fire,Bug,Ghost,2.0,FirevsBugGhost
1883,Fire,Bug,Fire,1.0,FirevsBugFire
1884,Fire,Bug,Water,1.0,FirevsBugWater
1885,Fire,Bug,Grass,4.0,FirevsBugGrass
1886,Fire,Bug,Electric,2.0,FirevsBugElectric
1887,Fire,Bug,Ice,4.0,FirevsBugIce
1888,Fire,Bug,Psychic,2.0,FirevsBugPsychic
1889,Fire,Bug,Dragon,1.0,FirevsBugDragon
1890,Fire,Rock,,0.5,FirevsRock
1897,Fire,Rock,Ghost,0.5,FirevsGhostRock
1898,Fire,Rock,Fire,0.25,FirevsFireRock
1899,Fire,Rock,Water,0.25,FirevsRockWater
1900,Fire,Rock,Grass,1.0,FirevsGrassRock
1901,Fire,Rock,Electric,0.5,FirevsElectricRock
1902,Fire,Rock,Ice,1.0,FirevsIceRock
1903,Fire,Rock,Psychic,0.5,FirevsPsychicRock
1904,Fire,Rock,Dragon,0.25,FirevsDragonRock
1905,Fire,Ghost,,1.0,FirevsGhost
1913,Fire,Ghost,Fire,0.5,FirevsFireGhost
1914,Fire,Ghost,Water,0.5,FirevsGhostWater
1915,Fire,Ghost,Grass,2.0,FirevsGhostGrass
1916,Fire,Ghost,Electric,1.0,FirevsElectricGhost
1917,Fire,Ghost,Ice,2.0,FirevsGhostIce
1918,Fire,Ghost,Psychic,1.0,FirevsGhostPsychic
1919,Fire,Ghost,Dragon,0.5,FirevsDragonGhost
1920,Fire,Fire,,0.5,FirevsFire
1929,Fire,Fire,Water,0.25,FirevsFireWater
1930,Fire,Fire,Grass,1.0,FirevsFireGrass
1931,Fire,Fire,Electric,0.5,FirevsElectricFire
1932,Fire,Fire,Ice,1.0,FirevsFireIce
1933,Fire,Fire,Psychic,0.5,FirevsFirePsychic
1934,Fire,Fire,Dragon,0.25,FirevsDragonFire
1935,Fire,Water,,0.5,FirevsWater
1945,Fire,Water,Grass,1.0,FirevsGrassWater
1946,Fire,Water,Electric,0.5,FirevsElectricWater
1947,Fire,Water,Ice,1.0,FirevsIceWater
1948,Fire,Water,Psychic,0.5,FirevsPsychicWater
1949,Fire,Water,Dragon,0.25,FirevsDragonWater
1950,Fire,Grass,,2.0,FirevsGrass
1961,Fire,Grass,Electric,2.0,FirevsElectricGrass
1962,Fire,Grass,Ice,4.0,FirevsGrassIce
1963,Fire,Grass,Psychic,2.0,FirevsGrassPsychic
1964,Fire,Grass,Dragon,1.0,FirevsDragonGrass
1965,Fire,Electric,,1.0,FirevsElectric
1977,Fire,Electric,Ice,2.0,FirevsElectricIce
1978,Fire,Electric,Psychic,1.0,FirevsElectricPsychic
1979,Fire,Electric,Dragon,0.5,FirevsDragonElectric
1980,Fire,Ice,,2.0,FirevsIce
1993,Fire,Ice,Psychic,2.0,FirevsIcePsychic
1994,Fire,Ice,Dragon,1.0,FirevsDragonIce
1995,Fire,Psychic,,1.0,FirevsPsychic
2009,Fire,Psychic,Dragon,0.5,FirevsDragonPsychic
2010,Fire,Dragon,,0.5,FirevsDragon
2025,Water,Normal,,1.0,WatervsNormal
2026,Water,Normal,Fighting,1.0,WatervsFightingNormal
2027,Water,Normal,Poison,1.0,WatervsNormalPoison
2028,Water,Normal,Ground,2.0,WatervsGroundNormal
2029,Water,Normal,Flying,1.0,WatervsFlyingNormal
2030,Water,Normal,Bug,1.0,WatervsBugNormal
2031,Water,Normal,Rock,2.0,WatervsNormalRock
2032,Water,Normal,Ghost,1.0,WatervsGhostNormal
2033,Water,Normal,Fire,2.0,WatervsFireNormal
2034,Water,Normal,Water,0.5,WatervsNormalWater
2035,Water,Normal,Grass,0.5,WatervsGrassNormal
2036,Water,Normal,Electric,1.0,WatervsElectricNormal
2037,Water,Normal,Ice,1.0,WatervsIceNormal
2038,Water,Normal,Psychic,1.0,WatervsNormalPsychic
2039,Water,Normal,Dragon,0.5,WatervsDragonNormal
2040,Water,Fighting,,1.0,WatervsFighting
2042,Water,Fighting,Poison,1.0,WatervsFightingPoison
2043,Water,Fighting,Ground,2.0,WatervsFightingGround
2044,Water,Fighting,Flying,1.0,WatervsFightingFlying
2045,Water,Fighting,Bug,1.0,WatervsBugFighting
2046,Water,Fighting,Rock,2.0,WatervsFightingRock
2047,Water,Fighting,Ghost,1.0,WatervsFightingGhost
2048,Water,Fighting,Fire,2.0,WatervsFightingFire
2049,Water,Fighting,Water,0.5,WatervsFightingWater
2050,Water,Fighting,Grass,0.5,WatervsFightingGrass
2051,Water,Fighting,Electric,1.0,WatervsElectricFighting
2052,Water,Fighting,Ice,1.0,WatervsFightingIce
2053,Water,Fighting,Psychic,1.0,WatervsFightingPsychic
2054,Water,Fighting,Dragon,0.5,WatervsDragonFighting
2055,Water,Poison,,1.0,WatervsPoison
2058,Water,Poison,Ground,2.0,WatervsGroundPoison
2059,Water,Poison,Flying,1.0,WatervsFlyingPoison
2060,Water,Poison,Bug,1.0,WatervsBugPoison
2061,Water,Poison,Rock,2.0,WatervsPoisonRock
2062,Water,Poison,Ghost,1.0,WatervsGhostPoison
2063,Water,Poison,Fire,2.0,WatervsFirePoison
2064,Water,Poison,Water,0.5,WatervsPoisonWater
2065,Water,Poison,Grass,0.5,WatervsGrassPoison
2066,Water,Poison,Electric,1.0,WatervsElectricPoison
2067,Water,Poison,Ice,1.0,WatervsIcePoison
2068,Water,Poison,Psychic,1.0,WatervsPoisonPsychic
2069,Water,Poison,Dragon,0.5,WatervsDragonPoison
2070,Water,Ground,,2.0,WatervsGround
2074,Water,Ground,Flying,2.0,WatervsFlyingGround
2075,Water,Ground,Bug,2.0,WatervsBugGround
2076,Water,Ground,Rock,4.0,WatervsGroundRock
2077,Water,Ground,Ghost,2.0,WatervsGhostGround
2078,Water,Ground,Fire,4.0,WatervsFireGround
2079,Water,Ground,Water,1.0,WatervsGroundWater
2080,Water,Ground,Grass,1.0,WatervsGrassGround
2081,Water,Ground,Electric,2.0,WatervsElectricGround
2082,Water,Ground,Ice,2.0,WatervsGroundIce
2083,Water,Ground,Psychic,2.0,WatervsGroundPsychic
2084,Water,Ground,Dragon,1.0,WatervsDragonGround
2085,Water,Flying,,1.0,WatervsFlying
2090,Water,Flying,Bug,1.0,WatervsBugFlying
2091,Water,Flying,Rock,2.0,WatervsFlyingRock
2092,Water,Flying,Ghost,1.0,WatervsFlyingGhost
2093,Water,Flying,Fire,2.0,WatervsFireFlying
2094,Water,Flying,Water,0.5,WatervsFlyingWater
2095,Water,Flying,Grass,0.5,WatervsFlyingGrass
2096,Water,Flying,Electric,1.0,WatervsElectricFlying
2097,Water,Flying,Ice,1.0,WatervsFlyingIce
2098,Water,Flying,Psychic,1.0,WatervsFlyingPsychic
2099,Water,Flying,Dragon,0.5,WatervsDragonFlying
2100,Water,Bug,,1.0,WatervsBug
2106,Water,Bug,Rock,2.0,WatervsBugRock
2107,Water,Bug,Ghost,1.0,WatervsBugGhost
2108,Water,Bug,Fire,2.0,WatervsBugFire
2109,Water,Bug,Water,0.5,WatervsBugWater
2110,Water,Bug,Grass,0.5,WatervsBugGrass
2111,Water,Bug,Electric,1.0,WatervsBugElectric
2112,Water,Bug,Ice,1.0,WatervsBugIce
2113,Water,Bug,Psychic,1.0,WatervsBugPsychic
2114,Water,Bug,Dragon,0.5,WatervsBugDragon
2115,Water,Rock,,2.0,WatervsRock
2122,Water,Rock,Ghost,2.0,WatervsGhostRock
2123,Water,Rock,Fire,4.0,WatervsFireRock
2124,Water,Rock,Water,1.0,WatervsRockWater
2125,Water,Rock,Grass,1.0,WatervsGrassRock
2126,Water,Rock,Electric,2.0,WatervsElectricRock
2127,Water,Rock,Ice,2.0,WatervsIceRock
2128,Water,Rock,Psychic,2.0,WatervsPsychicRock
2129,Water,Rock,Dragon,1.0,WatervsDragonRock
2130,Water,Ghost,,1.0,WatervsGhost
2138,Water,Ghost,Fire,2.0,WatervsFireGhost
2139,Water,Ghost,Water,0.5,WatervsGhostWater
2140,Water,Ghost,Grass,0.5,WatervsGhostGrass
2141,Water,Ghost,Electric,1.0,WatervsElectricGhost
2142,Water,Ghost,Ice,1.0,WatervsGhostIce
2143,Water,Ghost,Psychic,1.0,WatervsGhostPsychic
2144,Water,Ghost,Dragon,0.5,WatervsDragonGhost
2145,Water,Fire,,2.0,WatervsFire
2154,Water,Fire,Water,1.0,WatervsFireWater
2155,Water,Fire,Grass,1.0,WatervsFireGrass
2156,Water,Fire,Electric,2.0,WatervsElectricFire
2157,Water,Fire,Ice,2.0,WatervsFireIce
2158,Water,Fire,Psychic,2.0,WatervsFirePsychic
2159,Water,Fire,Dragon,1.0,WatervsDragonFire
2160,Water,Water,,0.5,WatervsWater
2170,Water,Water,Grass,0.25,WatervsGrassWater
2171,Water,Water,Electric,0.5,WatervsElectricWater
2172,Water,Water,Ice,0.5,WatervsIceWater
2173,Water,Water,Psychic,0.5,WatervsPsychicWater
2174,Water,Water,Dragon,0.25,WatervsDragonWater
2175,Water,Grass,,0.5,WatervsGrass
2186,Water,Grass,Electric,0.5,WatervsElectricGrass
2187,Water,Grass,Ice,0.5,WatervsGrassIce
2188,Water,Grass,Psychic,0.5,WatervsGrassPsychic
2189,Water,Grass,Dragon,0.25,WatervsDragonGrass
2190,Water,Electric,,1.0,WatervsElectric
2202,Water,Electric,Ice,1.0,WatervsElectricIce
2203,Water,Electric,Psychic,1.0,WatervsElectricPsychic
2204,Water,Electric,Dragon,0.5,WatervsDragonElectric
2205,Water,Ice,,1.0,WatervsIce
2218,Water,Ice,Psychic,1.0,WatervsIcePsychic
2219,Water,Ice,Dragon,0.5,WatervsDragonIce
2220,Water,Psychic,,1.0,WatervsPsychic
2234,Water,Psychic,Dragon,0.5,WatervsDragonPsychic
2235,Water,Dragon,,0.5,WatervsDragon
2250,Grass,Normal,,1.0,GrassvsNormal
2251,Grass,Normal,Fighting,1.0,GrassvsFightingNormal
2252,Grass,Normal,Poison,0.5,GrassvsNormalPoison
2253,Grass,Normal,Ground,2.0,GrassvsGroundNormal
2254,Grass,Normal,Flying,0.5,GrassvsFlyingNormal
2255,Grass,Normal,Bug,0.5,GrassvsBugNormal
2256,Grass,Normal,Rock,2.0,GrassvsNormalRock
2257,Grass,Normal,Ghost,1.0,GrassvsGhostNormal
2258,Grass,Normal,Fire,0.5,GrassvsFireNormal
2259,Grass,Normal,Water,2.0,GrassvsNormalWater
2260,Grass,Normal,Grass,0.5,GrassvsGrassNormal
2261,Grass,Normal,Electric,1.0,GrassvsElectricNormal
2262,Grass,Normal,Ice,1.0,GrassvsIceNormal
2263,Grass,Normal,Psychic,1.0,GrassvsNormalPsychic
2264,Grass,Normal,Dragon,0.5,GrassvsDragonNormal
2265,Grass,Fighting,,1.0,GrassvsFighting
2267,Grass,Fighting,Poison,0.5,GrassvsFightingPoison
2268,Grass,Fighting,Ground,2.0,GrassvsFightingGround
2269,Grass,Fighting,Flying,0.5,GrassvsFightingFlying
2270,Grass,Fighting,Bug,0.5,GrassvsBugFighting
2271,Grass,Fighting,Rock,2.0,GrassvsFightingRock
2272,Grass,Fighting,Ghost,1.0,GrassvsFightingGhost
2273,Grass,Fighting,Fire,0.5,GrassvsFightingFire
2274,Grass,Fighting,Water,2.0,GrassvsFightingWater
2275,Grass,Fighting,Grass,0.5,GrassvsFightingGrass
2276,Grass,Fighting,Electric,1.0,GrassvsElectricFighting
2277,Grass,Fighting,Ice,1.0,GrassvsFightingIce
2278,Grass,Fighting,Psychic,1.0,GrassvsFightingPsychic
2279,Grass,Fighting,Dragon,0.5,GrassvsDragonFighting
2280,Grass,Poison,,0.5,GrassvsPoison
2283,Grass,Poison,Ground,1.0,GrassvsGroundPoison
2284,Grass,Poison,Flying,0.25,GrassvsFlyingPoison
2285,Grass,Poison,Bug,0.25,GrassvsBugPoison
2286,Grass,Poison,Rock,1.0,GrassvsPoisonRock
2287,Grass,Poison,Ghost,0.5,GrassvsGhostPoison
2288,Grass,Poison,Fire,0.25,GrassvsFirePoison
2289,Grass,Poison,Water,1.0,GrassvsPoisonWater
2290,Grass,Poison,Grass,0.25,GrassvsGrassPoison
2291,Grass,Poison,Electric,0.5,GrassvsElectricPoison
2292,Grass,Poison,Ice,0.5,GrassvsIcePoison
2293,Grass,Poison,Psychic,0.5,GrassvsPoisonPsychic
2294,Grass,Poison,Dragon,0.25,GrassvsDragonPoison
2295,Grass,Ground,,2.0,GrassvsGround
2299,Grass,Ground,Flying,1.0,GrassvsFlyingGround
2300,Grass,Ground,Bug,1.0,GrassvsBugGround
2301,Grass,Ground,Rock,4.0,GrassvsGroundRock
2302,Grass,Ground,Ghost,2.0,GrassvsGhostGround
2303,Grass,Ground,Fire,1.0,GrassvsFireGround
2304,Grass,Ground,Water,4.0,GrassvsGroundWater
2305,Grass,Ground,Grass,1.0,GrassvsGrassGround
2306,Grass,Ground,Electric,2.0,GrassvsElectricGround
2307,Grass,Ground,Ice,2.0,GrassvsGroundIce
2308,Grass,Ground,Psychic,2.0,GrassvsGroundPsychic
2309,Grass,Ground,Dragon,1.0,GrassvsDragonGround
2310,Grass,Flying,,0.5,GrassvsFlying
2315,Grass,Flying,Bug,0.25,GrassvsBugFlying
2316,Grass,Flying,Rock,1.0,GrassvsFlyingRock
2317,Grass,Flying,Ghost,0.5,GrassvsFlyingGhost
2318,Grass,Flying,Fire,0.25,GrassvsFireFlying
2319,Grass,Flying,Water,1.0,GrassvsFlyingWater
2320,Grass,Flying,Grass,0.25,GrassvsFlyingGrass
2321,Grass,Flying,Electric,0.5,GrassvsElectricFlying
2322,Grass,Flying,Ice,0.5,GrassvsFlyingIce
2323,Grass,Flying,Psychic,0.5,GrassvsFlyingPsychic
2324,Grass,Flying,Dragon,0.25,GrassvsDragonFlying
2325,Grass,Bug,,0.5,GrassvsBug
2331,Grass,Bug,Rock,1.0,GrassvsBugRock
2332,Grass,Bug,Ghost,0.5,GrassvsBugGhost
2333,Grass,Bug,Fire,0.25,GrassvsBugFire
2334,Grass,Bug,Water,1.0,GrassvsBugWater
2335,Grass,Bug,Grass,0.25,GrassvsBugGrass
2336,Grass,Bug,Electric,0.5,GrassvsBugElectric
2337,Grass,Bug,Ice,0.5,GrassvsBugIce
2338,Grass,Bug,Psychic,0.5,GrassvsBugPsychic
2339,Grass,Bug,Dragon,0.25,GrassvsBugDragon
2340,Grass,Rock,,2.0,GrassvsRock
2347,Grass,Rock,Ghost,2.0,GrassvsGhostRock
2348,Grass,Rock,Fire,1.0,GrassvsFireRock
2349,Grass,Rock,Water,4.0,GrassvsRockWater
2350,Grass,Rock,Grass,1.0,GrassvsGrassRock
2351,Grass,Rock,Electric,2.0,GrassvsElectricRock
2352,Grass,Rock,Ice,2.0,GrassvsIceRock
2353,Grass,Rock,Psychic,2.0,GrassvsPsychicRock
2354,Grass,Rock,Dragon,1.0,GrassvsDragonRock
2355,Grass,Ghost,,1.0,GrassvsGhost
2363,Grass,Ghost,Fire,0.5,GrassvsFireGhost
2364,Grass,Ghost,Water,2.0,GrassvsGhostWater
2365,Grass,Ghost,Grass,0.5,GrassvsGhostGrass
2366,Grass,Ghost,Electric,1.0,GrassvsElectricGhost
2367,Grass,Ghost,Ice,1.0,GrassvsGhostIce
2368,Grass,Ghost,Psychic,1.0,GrassvsGhostPsychic
2369,Grass,Ghost,Dragon,0.5,GrassvsDragonGhost
2370,Grass,Fire,,0.5,GrassvsFire
2379,Grass,Fire,Water,1.0,GrassvsFireWater
2380,Grass,Fire,Grass,0.25,GrassvsFireGrass
2381,Grass,Fire,Electric,0.5,GrassvsElectricFire
2382,Grass,Fire,Ice,0.5,GrassvsFireIce
2383,Grass,Fire,Psychic,0.5,GrassvsFirePsychic
2384,Grass,Fire,Dragon,0.25,GrassvsDragonFire
2385,Grass,Water,,2.0,GrassvsWater
2395,Grass,Water,Grass,1.0,GrassvsGrassWater
2396,Grass,Water,Electric,2.0,GrassvsElectricWater
2397,Grass,Water,Ice,2.0,GrassvsIceWater
2398,Grass,Water,Psychic,2.0,GrassvsPsychicWater
2399,Grass,Water,Dragon,1.0,GrassvsDragonWater
2400,Grass,Grass,,0.5,GrassvsGrass
2411,Grass,Grass,Electric,0.5,GrassvsElectricGrass
2412,Grass,Grass,Ice,0.5,GrassvsGrassIce
2413,Grass,Grass,Psychic,0.5,GrassvsGrassPsychic
2414,Grass,Grass,Dragon,0.25,GrassvsDragonGrass
2415,Grass,Electric,,1.0,GrassvsElectric
2427,Grass,Electric,Ice,1.0,GrassvsElectricIce
2428,Grass,Electric,Psychic,1.0,GrassvsElectricPsychic
2429,Grass,Electric,Dragon,0.5,GrassvsDragonElectric
2430,Grass,Ice,,1.0,GrassvsIce
2443,Grass,Ice,Psychic,1.0,GrassvsIcePsychic
2444,Grass,Ice,Dragon,0.5,GrassvsDragonIce
2445,Grass,Psychic,,1.0,GrassvsPsychic
2459,Grass,Psychic,Dragon,0.5,GrassvsDragonPsychic
2460,Grass,Dragon,,0.5,GrassvsDragon
2475,Electric,Normal,,1.0,ElectricvsNormal
2476,Electric,Normal,Fighting,1.0,ElectricvsFightingNormal
2477,Electric,Normal,Poison,1.0,ElectricvsNormalPoison
2478,Electric,Normal,Ground,0.0,ElectricvsGroundNormal
2479,Electric,Normal,Flying,2.0,ElectricvsFlyingNormal
2480,Electric,Normal,Bug,1.0,ElectricvsBugNormal
2481,Electric,Normal,Rock,1.0,ElectricvsNormalRock
2482,Electric,Normal,Ghost,1.0,ElectricvsGhostNormal
2483,Electric,Normal,Fire,1.0,ElectricvsFireNormal
2484,Electric,Normal,Water,2.0,ElectricvsNormalWater
2485,Electric,Normal,Grass,0.5,ElectricvsGrassNormal
2486,Electric,Normal,Electric,0.5,ElectricvsElectricNormal
2487,Electric,Normal,Ice,1.0,ElectricvsIceNormal
2488,Electric,Normal,Psychic,1.0,ElectricvsNormalPsychic
2489,Electric,Normal,Dragon,0.5,ElectricvsDragonNormal
2490,Electric,Fighting,,1.0,ElectricvsFighting
2492,Electric,Fighting,Poison,1.0,ElectricvsFightingPoison
2493,Electric,Fighting,Ground,0.0,ElectricvsFightingGround
2494,Electric,Fighting,Flying,2.0,ElectricvsFightingFlying
2495,Electric,Fighting,Bug,1.0,ElectricvsBugFighting
2496,Electric,Fighting,Rock,1.0,ElectricvsFightingRock
2497,Electric,Fighting,Ghost,1.0,ElectricvsFightingGhost
2498,Electric,Fighting,Fire,1.0,ElectricvsFightingFire
2499,Electric,Fighting,Water,2.0,ElectricvsFightingWater
2500,Electric,Fighting,Grass,0.5,ElectricvsFightingGrass
2501,Electric,Fighting,Electric,0.5,ElectricvsElectricFighting
2502,Electric,Fighting,Ice,1.0,ElectricvsFightingIce
2503,Electric,Fighting,Psychic,1.0,ElectricvsFightingPsychic
2504,Electric,Fighting,Dragon,0.5,ElectricvsDragonFighting
2505,Electric,Poison,,1.0,ElectricvsPoison
2508,Electric,Poison,Ground,0.0,ElectricvsGroundPoison
2509,Electric,Poison,Flying,2.0,ElectricvsFlyingPoison
2510,Electric,Poison,Bug,1.0,ElectricvsBugPoison
2511,Electric,Poison,Rock,1.0,ElectricvsPoisonRock
2512,Electric,Poison,Ghost,1.0,ElectricvsGhostPoison
2513,Electric,Poison,Fire,1.0,ElectricvsFirePoison
2514,Electric,Poison,Water,2.0,ElectricvsPoisonWater
2515,Electric,Poison,Grass,0.5,ElectricvsGrassPoison
2516,Electric,Poison,Electric,0.5,ElectricvsElectricPoison
2517,Electric,Poison,Ice,1.0,ElectricvsIcePoison
2518,Electric,Poison,Psychic,1.0,ElectricvsPoisonPsychic
2519,Electric,Poison,Dragon,0.5,ElectricvsDragonPoison
2520,Electric,Ground,,0.0,ElectricvsGround
2524,Electric,Ground,Flying,0.0,ElectricvsFlyingGround
2525,Electric,Ground,Bug,0.0,ElectricvsBugGround
2526,Electric,Ground,Rock,0.0,ElectricvsGroundRock
2527,Electric,Ground,Ghost,0.0,ElectricvsGhostGround
2528,Electric,Ground,Fire,0.0,ElectricvsFireGround
2529,Electric,Ground,Water,0.0,ElectricvsGroundWater
2530,Electric,Ground,Grass,0.0,ElectricvsGrassGround
2531,Electric,Ground,Electric,0.0,ElectricvsElectricGround
2532,Electric,Ground,Ice,0.0,ElectricvsGroundIce
2533,Electric,Ground,Psychic,0.0,ElectricvsGroundPsychic
2534,Electric,Ground,Dragon,0.0,ElectricvsDragonGround
2535,Electric,Flying,,2.0,ElectricvsFlying
2540,Electric,Flying,Bug,2.0,ElectricvsBugFlying
2541,Electric,Flying,Rock,2.0,ElectricvsFlyingRock
2542,Electric,Flying,Ghost,2.0,ElectricvsFlyingGhost
2543,Electric,Flying,Fire,2.0,ElectricvsFireFlying
2544,Electric,Flying,Water,4.0,ElectricvsFlyingWater
2545,Electric,Flying,Grass,1.0,ElectricvsFlyingGrass
2546,Electric,Flying,Electric,1.0,ElectricvsElectricFlying
2547,Electric,Flying,Ice,2.0,ElectricvsFlyingIce
2548,Electric,Flying,Psychic,2.0,ElectricvsFlyingPsychic
2549,Electric,Flying,Dragon,1.0,ElectricvsDragonFlying
2550,Electric,Bug,,1.0,ElectricvsBug
2556,Electric,Bug,Rock,1.0,ElectricvsBugRock
2557,Electric,Bug,Ghost,1.0,ElectricvsBugGhost
2558,Electric,Bug,Fire,1.0,ElectricvsBugFire
2559,Electric,Bug,Water,2.0,ElectricvsBugWater
2560,Electric,Bug,Grass,0.5,ElectricvsBugGrass
2561,Electric,Bug,Electric,0.5,ElectricvsBugElectric
2562,Electric,Bug,Ice,1.0,ElectricvsBugIce
2563,Electric,Bug,Psychic,1.0,ElectricvsBugPsychic
2564,Electric,Bug,Dragon,0.5,ElectricvsBugDragon
2565,Electric,Rock,,1.0,ElectricvsRock
2572,Electric,Rock,Ghost,1.0,ElectricvsGhostRock
2573,Electric,Rock,Fire,1.0,ElectricvsFireRock
2574,Electric,Rock,Water,2.0,ElectricvsRockWater
2575,Electric,Rock,Grass,0.5,ElectricvsGrassRock
2576,Electric,Rock,Electric,0.5,ElectricvsElectricRock
2577,Electric,Rock,Ice,1.0,ElectricvsIceRock
2578,Electric,Rock,Psychic,1.0,ElectricvsPsychicRock
2579,Electric,Rock,Dragon,0.5,ElectricvsDragonRock
2580,Electric,Ghost,,1.0,ElectricvsGhost
2588,Electric,Ghost,Fire,1.0,ElectricvsFireGhost
2589,Electric,Ghost,Water,2.0,ElectricvsGhostWater
2590,Electric,Ghost,Grass,0.5,ElectricvsGhostGrass
2591,Electric,Ghost,Electric,0.5,ElectricvsElectricGhost
2592,Electric,Ghost,Ice,1.0,ElectricvsGhostIce
2593,Electric,Ghost,Psychic,1.0,ElectricvsGhostPsychic
2594,Electric,Ghost,Dragon,0.5,ElectricvsDragonGhost
2595,Electric,Fire,,1.0,ElectricvsFire
2604,Electric,Fire,Water,2.0,ElectricvsFireWater
2605,Electric,Fire,Grass,0.5,ElectricvsFireGrass
2606,Electric,Fire,Electric,0.5,ElectricvsElectricFire
2607,Electric,Fire,Ice,1.0,ElectricvsFireIce
2608,Electric,Fire,Psychic,1.0,ElectricvsFirePsychic
2609,Electric,Fire,Dragon,0.5,ElectricvsDragonFire
2610,Electric,Water,,2.0,ElectricvsWater
2620,Electric,Water,Grass,1.0,ElectricvsGrassWater
2621,Electric,Water,Electric,1.0,ElectricvsElectricWater
2622,Electric,Water,Ice,2.0,ElectricvsIceWater
2623,Electric,Water,Psychic,2.0,ElectricvsPsychicWater
2624,Electric,Water,Dragon,1.0,ElectricvsDragonWater
2625,Electric,Grass,,0.5,ElectricvsGrass
2636,Electric,Grass,Electric,0.25,ElectricvsElectricGrass
2637,Electric,Grass,Ice,0.5,ElectricvsGrassIce
2638,Electric,Grass,Psychic,0.5,ElectricvsGrassPsychic
2639,Electric,Grass,Dragon,0.25,ElectricvsDragonGrass
2640,Electric,Electric,,0.5,ElectricvsElectric
2652,Electric,Electric,Ice,0.5,ElectricvsElectricIce
2653,Electric,Electric,Psychic,0.5,ElectricvsElectricPsychic
2654,Electric,Electric,Dragon,0.25,ElectricvsDragonElectric
2655,Electric,Ice,,1.0,ElectricvsIce
2668,Electric,Ice,Psychic,1.0,ElectricvsIcePsychic
2669,Electric,Ice,Dragon,0.5,ElectricvsDragonIce
2670,Electric,Psychic,,1.0,ElectricvsPsychic
2684,Electric,Psychic,Dragon,0.5,ElectricvsDragonPsychic
2685,Electric,Dragon,,0.5,ElectricvsDragon
2700,Ice,Normal,,1.0,IcevsNormal
2701,Ice,Normal,Fighting,1.0,IcevsFightingNormal
2702,Ice,Normal,Poison,1.0,IcevsNormalPoison
2703,Ice,Normal,Ground,2.0,IcevsGroundNormal
2704,Ice,Normal,Flying,2.0,IcevsFlyingNormal
2705,Ice,Normal,Bug,1.0,IcevsBugNormal
2706,Ice,Normal,Rock,1.0,IcevsNormalRock
2707,Ice,Normal,Ghost,1.0,IcevsGhostNormal
2708,Ice,Normal,Fire,1.0,IcevsFireNormal
2709,Ice,Normal,Water,0.5,IcevsNormalWater
2710,Ice,Normal,Grass,2.0,IcevsGrassNormal
2711,Ice,Normal,Electric,1.0,IcevsElectricNormal
2712,Ice,Normal,Ice,0.5,IcevsIceNormal
2713,Ice,Normal,Psychic,1.0,IcevsNormalPsychic
2714,Ice,Normal,Dragon,2.0,IcevsDragonNormal
2715,Ice,Fighting,,1.0,IcevsFighting
2717,Ice,Fighting,Poison,1.0,IcevsFightingPoison
2718,Ice,Fighting,Ground,2.0,IcevsFightingGround
2719,Ice,Fighting,Flying,2.0,IcevsFightingFlying
2720,Ice,Fighting,Bug,1.0,IcevsBugFighting
2721,Ice,Fighting,Rock,1.0,IcevsFightingRock
2722,Ice,Fighting,Ghost,1.0,IcevsFightingGhost
2723,Ice,Fighting,Fire,1.0,IcevsFightingFire
2724,Ice,Fighting,Water,0.5,IcevsFightingWater
2725,Ice,Fighting,Grass,2.0,IcevsFightingGrass
2726,Ice,Fighting,Electric,1.0,IcevsElectricFighting
2727,Ice,Fighting,Ice,0.5,IcevsFightingIce
2728,Ice,Fighting,Psychic,1.0,IcevsFightingPsychic
2729,Ice,Fighting,Dragon,2.0,IcevsDragonFighting
2730,Ice,Poison,,1.0,IcevsPoison
2733,Ice,Poison,Ground,2.0,IcevsGroundPoison
2734,Ice,Poison,Flying,2.0,IcevsFlyingPoison
2735,Ice,Poison,Bug,1.0,IcevsBugPoison
2736,Ice,Poison,Rock,1.0,IcevsPoisonRock
2737,Ice,Poison,Ghost,1.0,IcevsGhostPoison
2738,Ice,Poison,Fire,1.0,IcevsFirePoison
2739,Ice,Poison,Water,0.5,IcevsPoisonWater
2740,Ice,Poison,Grass,2.0,IcevsGrassPoison
2741,Ice,Poison,Electric,1.0,IcevsElectricPoison
2742,Ice,Poison,Ice,0.5,IcevsIcePoison
2743,Ice,Poison,Psychic,1.0,IcevsPoisonPsychic
2744,Ice,Poison,Dragon,2.0,IcevsDragonPoison
2745,Ice,Ground,,2.0,IcevsGround
2749,Ice,Ground,Flying,4.0,IcevsFlyingGround
2750,Ice,Ground,Bug,2.0,IcevsBugGround
2751,Ice,Ground,Rock,2.0,IcevsGroundRock
2752,Ice,Ground,Ghost,2.0,IcevsGhostGround
2753,Ice,Ground,Fire,2.0,IcevsFireGround
2754,Ice,Ground,Water,1.0,IcevsGroundWater
2755,Ice,Ground,Grass,4.0,IcevsGrassGround
2756,Ice,Ground,Electric,2.0,IcevsElectricGround
2757,Ice,Ground,Ice,1.0,IcevsGroundIce
2758,Ice,Ground,Psychic,2.0,IcevsGroundPsychic
2759,Ice,Ground,Dragon,4.0,IcevsDragonGround
2760,Ice,Flying,,2.0,IcevsFlying
2765,Ice,Flying,Bug,2.0,IcevsBugFlying
2766,Ice,Flying,Rock,2.0,IcevsFlyingRock
2767,Ice,Flying,Ghost,2.0,IcevsFlyingGhost
2768,Ice,Flying,Fire,2.0,IcevsFireFlying
2769,Ice,Flying,Water,1.0,IcevsFlyingWater
2770,Ice,Flying,Grass,4.0,IcevsFlyingGrass
2771,Ice,Flying,Electric,2.0,IcevsElectricFlying
2772,Ice,Flying,Ice,1.0,IcevsFlyingIce
2773,Ice,Flying,Psychic,2.0,IcevsFlyingPsychic
2774,Ice,Flying,Dragon,4.0,IcevsDragonFlying
2775,Ice,Bug,,1.0,IcevsBug
2781,Ice,Bug,Rock,1.0,IcevsBugRock
2782,Ice,Bug,Ghost,1.0,IcevsBugGhost
2783,Ice,Bug,Fire,1.0,IcevsBugFire
2784,Ice,Bug,Water,0.5,IcevsBugWater
2785,Ice,Bug,Grass,2.0,IcevsBugGrass
2786,Ice,Bug,Electric,1.0,IcevsBugElectric
2787,Ice,Bug,Ice,0.5,IcevsBugIce
2788,Ice,Bug,Psychic,1.0,IcevsBugPsychic
2789,Ice,Bug,Dragon,2.0,IcevsBugDragon
2790,Ice,Rock,,1.0,IcevsRock
2797,Ice,Rock,Ghost,1.0,IcevsGhostRock
2798,Ice,Rock,Fire,1.0,IcevsFireRock
2799,Ice,Rock,Water,0.5,IcevsRockWater
2800,Ice,Rock,Grass,2.0,IcevsGrassRock
2801,Ice,Rock,Electric,1.0,IcevsElectricRock
2802,Ice,Rock,Ice,0.5,IcevsIceRock
2803,Ice,Rock,Psychic,1.0,IcevsPsychicRock
2804,Ice,Rock,Dragon,2.0,IcevsDragonRock
2805,Ice,Ghost,,1.0,IcevsGhost
2813,Ice,Ghost,Fire,1.0,IcevsFireGhost
2814,Ice,Ghost,Water,0.5,IcevsGhostWater
2815,Ice,Ghost,Grass,2.0,IcevsGhostGrass
2816,Ice,Ghost,Electric,1.0,IcevsElectricGhost
2817,Ice,Ghost,Ice,0.5,IcevsGhostIce
2818,Ice,Ghost,Psychic,1.0,IcevsGhostPsychic
2819,Ice,Ghost,Dragon,2.0,IcevsDragonGhost
2820,Ice,Fire,,1.0,IcevsFire
2829,Ice,Fire,Water,0.5,IcevsFireWater
2830,Ice,Fire,Grass,2.0,IcevsFireGrass
2831,Ice,Fire,Electric,1.0,IcevsElectricFire
2832,Ice,Fire,Ice,0.5,IcevsFireIce
2833,Ice,Fire,Psychic,1.0,IcevsFirePsychic
2834,Ice,Fire,Dragon,2.0,IcevsDragonFire
2835,Ice,Water,,0.5,IcevsWater
2845,Ice,Water,Grass,1.0,IcevsGrassWater
2846,Ice,Water,Electric,0.5,IcevsElectricWater
2847,Ice,Water,Ice,0.25,IcevsIceWater
2848,Ice,Water,Psychic,0.5,IcevsPsychicWater
2849,Ice,Water,Dragon,1.0,IcevsDragonWater
2850,Ice,Grass,,2.0,IcevsGrass
2861,Ice,Grass,Electric,2.0,IcevsElectricGrass
2862,Ice,Grass,Ice,1.0,IcevsGrassIce
2863,Ice,Grass,Psychic,2.0,IcevsGrassPsychic
2864,Ice,Grass,Dragon,4.0,IcevsDragonGrass
2865,Ice,Electric,,1.0,IcevsElectric
2877,Ice,Electric,Ice,0.5,IcevsElectricIce
2878,Ice,Electric,Psychic,1.0,IcevsElectricPsychic
2879,Ice,Electric,Dragon,2.0,IcevsDragonElectric
2880,Ice,Ice,,0.5,IcevsIce
2893,Ice,Ice,Psychic,0.5,IcevsIcePsychic
2894,Ice,Ice,Dragon,1.0,IcevsDragonIce
2895,Ice,Psychic,,1.0,IcevsPsychic
2909,Ice,Psychic,Dragon,2.0,IcevsDragonPsychic
2910,Ice,Dragon,,2.0,IcevsDragon
2925,Psychic,Normal,,1.0,PsychicvsNormal
2926,Psychic,Normal,Fighting,2.0,PsychicvsFightingNormal
2927,Psychic,Normal,Poison,2.0,PsychicvsNormalPoison
2928,Psychic,Normal,Ground,1.0,PsychicvsGroundNormal
2929,Psychic,Normal,Flying,1.0,PsychicvsFlyingNormal
2930,Psychic,Normal,Bug,1.0,PsychicvsBugNormal
2931,Psychic,Normal,Rock,1.0,PsychicvsNormalRock
2932,Psychic,Normal,Ghost,1.0,PsychicvsGhostNormal
2933,Psychic,Normal,Fire,1.0,PsychicvsFireNormal
2934,Psychic,Normal,Water,1.0,PsychicvsNormalWater
2935,Psychic,Normal,Grass,1.0,PsychicvsGrassNormal
2936,Psychic,Normal,Electric,1.0,PsychicvsElectricNormal
2937,Psychic,Normal,Ice,1.0,PsychicvsIceNormal
2938,Psychic,Normal,Psychic,0.5,PsychicvsNormalPsychic
2939,Psychic,Normal,Dragon,1.0,PsychicvsDragonNormal
2940,Psychic,Fighting,,2.0,PsychicvsFighting
2942,Psychic,Fighting,Poison,4.0,PsychicvsFightingPoison
2943,Psychic,Fighting,Ground,2.0,PsychicvsFightingGround
2944,Psychic,Fighting,Flying,2.0,PsychicvsFightingFlying
2945,Psychic,Fighting,Bug,2.0,PsychicvsBugFighting
2946,Psychic,Fighting,Rock,2.0,PsychicvsFightingRock
2947,Psychic,Fighting,Ghost,2.0,PsychicvsFightingGhost
2948,Psychic,Fighting,Fire,2.0,PsychicvsFightingFire
2949,Psychic,Fighting,Water,2.0,PsychicvsFightingWater
2950,Psychic,Fighting,Grass,2.0,PsychicvsFightingGrass
2951,Psychic,Fighting,Electric,2.0,PsychicvsElectricFighting
2952,Psychic,Fighting,Ice,2.0,PsychicvsFightingIce
2953,Psychic,Fighting,Psychic,1.0,PsychicvsFightingPsychic
2954,Psychic,Fighting,Dragon,2.0,PsychicvsDragonFighting
2955,Psychic,Poison,,2.0,PsychicvsPoison
2958,Psychic,Poison,Ground,2.0,PsychicvsGroundPoison
2959,Psychic,Poison,Flying,2.0,PsychicvsFlyingPoison
2960,Psychic,Poison,Bug,2.0,PsychicvsBugPoison
2961,Psychic,Poison,Rock,2.0,PsychicvsPoisonRock
2962,Psychic,Poison,Ghost,2.0,PsychicvsGhostPoison
2963,Psychic,Poison,Fire,2.0,PsychicvsFirePoison
2964,Psychic,Poison,Water,2.0,PsychicvsPoisonWater
2965,Psychic,Poison,Grass,2.0,PsychicvsGrassPoison
2966,Psychic,Poison,Electric,2.0,PsychicvsElectricPoison
2967,Psychic,Poison,Ice,2.0,PsychicvsIcePoison
2968,Psychic,Poison,Psychic,1.0,PsychicvsPoisonPsychic
2969,Psychic,Poison,Dragon,2.0,PsychicvsDragonPoison
2970,Psychic,Ground,,1.0,PsychicvsGround
2974,Psychic,Ground,Flying,1.0,PsychicvsFlyingGround
2975,Psychic,Ground,Bug,1.0,PsychicvsBugGround
2976,Psychic,Ground,Rock,1.0,PsychicvsGroundRock
2977,Psychic,Ground,Ghost,1.0,PsychicvsGhostGround
2978,Psychic,Ground,Fire,1.0,PsychicvsFireGround
2979,Psychic,Ground,Water,1.0,PsychicvsGroundWater
2980,Psychic,Ground,Grass,1.0,PsychicvsGrassGround
2981,Psychic,Ground,Electric,1.0,PsychicvsElectricGround
2982,Psychic,Ground,Ice,1.0,PsychicvsGroundIce
2983,Psychic,Ground,Psychic,0.5,PsychicvsGroundPsychic
2984,Psychic,Ground,Dragon,1.0,PsychicvsDragonGround
2985,Psychic,Flying,,1.0,PsychicvsFlying
2990,Psychic,Flying,Bug,1.0,PsychicvsBugFlying
2991,Psychic,Flying,Rock,1.0,PsychicvsFlyingRock
2992,Psychic,Flying,Ghost,1.0,PsychicvsFlyingGhost
2993,Psychic,Flying,Fire,1.0,PsychicvsFireFlying
2994,Psychic,Flying,Water,1.0,PsychicvsFlyingWater
2995,Psychic,Flying,Grass,1.0,PsychicvsFlyingGrass
2996,Psychic,Flying,Electric,1.0,PsychicvsElectricFlying
2997,Psychic,Flying,Ice,1.0,PsychicvsFlyingIce
2998,Psychic,Flying,Psychic,0.5,PsychicvsFlyingPsychic
2999,Psychic,Flying,Dragon,1.0,PsychicvsDragonFlying
3000,Psychic,Bug,,1.0,PsychicvsBug
3006,Psychic,Bug,Rock,1.0,PsychicvsBugRock
3007,Psychic,Bug,Ghost,1.0,PsychicvsBugGhost
3008,Psychic,Bug,Fire,1.0,PsychicvsBugFire
3009,Psychic,Bug,Water,1.0,PsychicvsBugWater
3010,Psychic,Bug,Grass,1.0,PsychicvsBugGrass
3011,Psychic,Bug,Electric,1.0,PsychicvsBugElectric
3012,Psychic,Bug,Ice,1.0,PsychicvsBugIce
3013,Psychic,Bug,Psychic,0.5,PsychicvsBugPsychic
3014,Psychic,Bug,Dragon,1.0,PsychicvsBugDragon
3015,Psychic,Rock,,1.0,PsychicvsRock
3022,Psychic,Rock,Ghost,1.0,PsychicvsGhostRock
3023,Psychic,Rock,Fire,1.0,PsychicvsFireRock
3024,Psychic,Rock,Water,1.0,PsychicvsRockWater
3025,Psychic,Rock,Grass,1.0,PsychicvsGrassRock
3026,Psychic,Rock,Electric,1.0,PsychicvsElectricRock
3027,Psychic,Rock,Ice,1.0,PsychicvsIceRock
3028,Psychic,Rock,Psychic,0.5,PsychicvsPsychicRock
3029,Psychic,Rock,Dragon,1.0,PsychicvsDragonRock
3030,Psychic,Ghost,,1.0,PsychicvsGhost
3038,Psychic,Ghost,Fire,1.0,PsychicvsFireGhost
3039,Psychic,Ghost,Water,1.0,PsychicvsGhostWater
3040,Psychic,Ghost,Grass,1.0,PsychicvsGhostGrass
3041,Psychic,Ghost,Electric,1.0,PsychicvsElectricGhost
3042,Psychic,Ghost,Ice,1.0,PsychicvsGhostIce
3043,Psychic,Ghost,Psychic,0.5,PsychicvsGhostPsychic
3044,Psychic,Ghost,Dragon,1.0,PsychicvsDragonGhost
3045,Psychic,Fire,,1.0,PsychicvsFire
3054,Psychic,Fire,Water,1.0,PsychicvsFireWater
3055,Psychic,Fire,Grass,1.0,PsychicvsFireGrass
3056,Psychic,Fire,Electric,1.0,PsychicvsElectricFire
3057,Psychic,Fire,Ice,1.0,PsychicvsFireIce
3058,Psychic,Fire,Psychic,0.5,PsychicvsFirePsychic
3059,Psychic,Fire,Dragon,1.0,PsychicvsDragonFire
3060,Psychic,Water,,1.0,PsychicvsWater
3070,Psychic,Water,Grass,1.0,PsychicvsGrassWater
3071,Psychic,Water,Electric,1.0,PsychicvsElectricWater
3072,Psychic,Water,Ice,1.0,PsychicvsIceWater
3073,Psychic,Water,Psychic,0.5,PsychicvsPsychicWater
3074,Psychic,Water,Dragon,1.0,PsychicvsDragonWater
3075,Psychic,Grass,,1.0,PsychicvsGrass
3086,Psychic,Grass,Electric,1.0,PsychicvsElectricGrass
3087,Psychic,Grass,Ice,1.0,PsychicvsGrassIce
3088,Psychic,Grass,Psychic,0.5,PsychicvsGrassPsychic
3089,Psychic,Grass,Dragon,1.0,PsychicvsDragonGrass
3090,Psychic,Electric,,1.0,PsychicvsElectric
3102,Psychic,Electric,Ice,1.0,PsychicvsElectricIce
3103,Psychic,Electric,Psychic,0.5,PsychicvsElectricPsychic
3104,Psychic,Electric,Dragon,1.0,PsychicvsDragonElectric
3105,Psychic,Ice,,1.0,PsychicvsIce
3118,Psychic,Ice,Psychic,0.5,PsychicvsIcePsychic
3119,Psychic,Ice,Dragon,1.0,PsychicvsDragonIce
3120,Psychic,Psychic,,0.5,PsychicvsPsychic
3134,Psychic,Psychic,Dragon,0.5,PsychicvsDragonPsychic
3135,Psychic,Dragon,,1.0,PsychicvsDragon
3150,Dragon,Normal,,1.0,DragonvsNormal
3151,Dragon,Normal,Fighting,1.0,DragonvsFightingNormal
3152,Dragon,Normal,Poison,1.0,DragonvsNormalPoison
3153,Dragon,Normal,Ground,1.0,DragonvsGroundNormal
3154,Dragon,Normal,Flying,1.0,DragonvsFlyingNormal
3155,Dragon,Normal,Bug,1.0,DragonvsBugNormal
3156,Dragon,Normal,Rock,1.0,DragonvsNormalRock
3157,Dragon,Normal,Ghost,1.0,DragonvsGhostNormal
3158,Dragon,Normal,Fire,1.0,DragonvsFireNormal
3159,Dragon,Normal,Water,1.0,DragonvsNormalWater
3160,Dragon,Normal,Grass,1.0,DragonvsGrassNormal
3161,Dragon,Normal,Electric,1.0,DragonvsElectricNormal
3162,Dragon,Normal,Ice,1.0,DragonvsIceNormal
3163,Dragon,Normal,Psychic,1.0,DragonvsNormalPsychic
3164,Dragon,Normal,Dragon,2.0,DragonvsDragonNormal
3165,Dragon,Fighting,,1.0,DragonvsFighting
3167,Dragon,Fighting,Poison,1.0,DragonvsFightingPoison
3168,Dragon,Fighting,Ground,1.0,DragonvsFightingGround
3169,Dragon,Fighting,Flying,1.0,DragonvsFightingFlying
3170,Dragon,Fighting,Bug,1.0,DragonvsBugFighting
3171,Dragon,Fighting,Rock,1.0,DragonvsFightingRock
3172,Dragon,Fighting,Ghost,1.0,DragonvsFightingGhost
3173,Dragon,Fighting,Fire,1.0,DragonvsFightingFire
3174,Dragon,Fighting,Water,1.0,DragonvsFightingWater
3175,Dragon,Fighting,Grass,1.0,DragonvsFightingGrass
3176,Dragon,Fighting,Electric,1.0,DragonvsElectricFighting
3177,Dragon,Fighting,Ice,1.0,DragonvsFightingIce
3178,Dragon,Fighting,Psychic,1.0,DragonvsFightingPsychic
3179,Dragon,Fighting,Dragon,2.0,DragonvsDragonFighting
3180,Dragon,Poison,,1.0,DragonvsPoison
3183,Dragon,Poison,Ground,1.0,DragonvsGroundPoison
3184,Dragon,Poison,Flying,1.0,DragonvsFlyingPoison
3185,Dragon,Poison,Bug,1.0,DragonvsBugPoison
3186,Dragon,Poison,Rock,1.0,DragonvsPoisonRock
3187,Dragon,Poison,Ghost,1.0,DragonvsGhostPoison
3188,Dragon,Poison,Fire,1.0,DragonvsFirePoison
3189,Dragon,Poison,Water,1.0,DragonvsPoisonWater
3190,Dragon,Poison,Grass,1.0,DragonvsGrassPoison
3191,Dragon,Poison,Electric,1.0,DragonvsElectricPoison
3192,Dragon,Poison,Ice,1.0,DragonvsIcePoison
3193,Dragon,Poison,Psychic,1.0,DragonvsPoisonPsychic
3194,Dragon,Poison,Dragon,2.0,DragonvsDragonPoison
3195,Dragon,Ground,,1.0,DragonvsGround
3199,Dragon,Ground,Flying,1.0,DragonvsFlyingGround
3200,Dragon,Ground,Bug,1.0,DragonvsBugGround
3201,Dragon,Ground,Rock,1.0,DragonvsGroundRock
3202,Dragon,Ground,Ghost,1.0,DragonvsGhostGround
3203,Dragon,Ground,Fire,1.0,DragonvsFireGround
3204,Dragon,Ground,Water,1.0,DragonvsGroundWater
3205,Dragon,Ground,Grass,1.0,DragonvsGrassGround
3206,Dragon,Ground,Electric,1.0,DragonvsElectricGround
3207,Dragon,Ground,Ice,1.0,DragonvsGroundIce
3208,Dragon,Ground,Psychic,1.0,DragonvsGroundPsychic
3209,Dragon,Ground,Dragon,2.0,DragonvsDragonGround
3210,Dragon,Flying,,1.0,DragonvsFlying
3215,Dragon,Flying,Bug,1.0,DragonvsBugFlying
3216,Dragon,Flying,Rock,1.0,DragonvsFlyingRock
3217,Dragon,Flying,Ghost,1.0,DragonvsFlyingGhost
3218,Dragon,Flying,Fire,1.0,DragonvsFireFlying
3219,Dragon,Flying,Water,1.0,DragonvsFlyingWater
3220,Dragon,Flying,Grass,1.0,DragonvsFlyingGrass
3221,Dragon,Flying,Electric,1.0,DragonvsElectricFlying
3222,Dragon,Flying,Ice,1.0,DragonvsFlyingIce
3223,Dragon,Flying,Psychic,1.0,DragonvsFlyingPsychic
3224,Dragon,Flying,Dragon,2.0,DragonvsDragonFlying
3225,Dragon,Bug,,1.0,DragonvsBug
3231,Dragon,Bug,Rock,1.0,DragonvsBugRock
3232,Dragon,Bug,Ghost,1.0,DragonvsBugGhost
3233,Dragon,Bug,Fire,1.0,DragonvsBugFire
3234,Dragon,Bug,Water,1.0,DragonvsBugWater
3235,Dragon,Bug,Grass,1.0,DragonvsBugGrass
3236,Dragon,Bug,Electric,1.0,DragonvsBugElectric
3237,Dragon,Bug,Ice,1.0,DragonvsBugIce
3238,Dragon,Bug,Psychic,1.0,DragonvsBugPsychic
3239,Dragon,Bug,Dragon,2.0,DragonvsBugDragon
3240,Dragon,Rock,,1.0,DragonvsRock
3247,Dragon,Rock,Ghost,1.0,DragonvsGhostRock
3248,Dragon,Rock,Fire,1.0,DragonvsFireRock
3249,Dragon,Rock,Water,1.0,DragonvsRockWater
3250,Dragon,Rock,Grass,1.0,DragonvsGrassRock
3251,Dragon,Rock,Electric,1.0,DragonvsElectricRock
3252,Dragon,Rock,Ice,1.0,DragonvsIceRock
3253,Dragon,Rock,Psychic,1.0,DragonvsPsychicRock
3254,Dragon,Rock,Dragon,2.0,DragonvsDragonRock
3255,Dragon,Ghost,,1.0,DragonvsGhost
3263,Dragon,Ghost,Fire,1.0,DragonvsFireGhost
3264,Dragon,Ghost,Water,1.0,DragonvsGhostWater
3265,Dragon,Ghost,Grass,1.0,DragonvsGhostGrass
3266,Dragon,Ghost,Electric,1.0,DragonvsElectricGhost
3267,Dragon,Ghost,Ice,1.0,DragonvsGhostIce
3268,Dragon,Ghost,Psychic,1.0,DragonvsGhostPsychic
3269,Dragon,Ghost,Dragon,2.0,DragonvsDragonGhost
3270,Dragon,Fire,,1.0,DragonvsFire
3279,Dragon,Fire,Water,1.0,DragonvsFireWater
3280,Dragon,Fire,Grass,1.0,DragonvsFireGrass
3281,Dragon,Fire,Electric,1.0,DragonvsElectricFire
3282,Dragon,Fire,Ice,1.0,DragonvsFireIce
3283,Dragon,Fire,Psychic,1.0,DragonvsFirePsychic
3284,Dragon,Fire,Dragon,2.0,DragonvsDragonFire
3285,Dragon,Water,,1.0,DragonvsWater
3295,Dragon,Water,Grass,1.0,DragonvsGrassWater
3296,Dragon,Water,Electric,1.0,DragonvsElectricWater
3297,Dragon,Water,Ice,1.0,DragonvsIceWater
3298,Dragon,Water,Psychic,1.0,DragonvsPsychicWater
3299,Dragon,Water,Dragon,2.0,DragonvsDragonWater
3300,Dragon,Grass,,1.0,DragonvsGrass
3311,Dragon,Grass,Electric,1.0,DragonvsElectricGrass
3312,Dragon,Grass,Ice,1.0,DragonvsGrassIce
3313,Dragon,Grass,Psychic,1.0,DragonvsGrassPsychic
3314,Dragon,Grass,Dragon,2.0,DragonvsDragonGrass
3315,Dragon,Electric,,1.0,DragonvsElectric
3327,Dragon,Electric,Ice,1.0,DragonvsElectricIce
3328,Dragon,Electric,Psychic,1.0,DragonvsElectricPsychic
3329,Dragon,Electric,Dragon,2.0,DragonvsDragonElectric
3330,Dragon,Ice,,1.0,DragonvsIce
3343,Dragon,Ice,Psychic,1.0,DragonvsIcePsychic
3344,Dragon,Ice,Dragon,2.0,DragonvsDragonIce
3345,Dragon,Psychic,,1.0,DragonvsPsychic
3359,Dragon,Psychic,Dragon,2.0,DragonvsDragonPsychic
3360,Dragon,Dragon,,2.0,DragonvsDragon
